Codigo Filial,Filial,Produto,Desc Produto,Desc Cor Produto,Grade,Estoque atual,Colecao,Categoria Produto
801511,SHOPS CIDADE JARDIM,A17210022,GARRAFA DE HIDRACAO,PRETO,U,4,A17,ACESSORIOS
801511,SHOPS CIDADE JARDIM,A18270042,TENIS ESSENTIAL F T&F,CRISTAL I19,34,1,A18,ACESSORIOS
801511,SHOPS CIDADE JARDIM,A18270042,TENIS ESSENTIAL F T&F,CRISTAL I19,35,2,A18,ACESSORIOS
801511,SHOPS CIDADE JARDIM,A18270042,TENIS ESSENTIAL F T&F,CRISTAL I19,36,2,A18,ACESSORIOS
801511,SHOPS CIDADE JARDIM,A18270042,TENIS ESSENTIAL F T&F,CRISTAL I19,37,2,A18,ACESSORIOS
801511,SHOPS CIDADE JARDIM,A18270042,TENIS ESSENTIAL F T&F,CRISTAL I19,38,2,A18,ACESSORIOS
801511,SHOPS CIDADE JARDIM,A18440067,SAIA FRANZIDA T&F,PRETO,P,3,A18,ACESSORIOS
801511,SHOPS CIDADE JARDIM,A18440067,SAIA FRANZIDA T&F,PRETO,M,3,A18,ACESSORIOS
801511,SHOPS CIDADE JARDIM,A19190036,BONE MESH BS,ROSE I19,UNICO,8,A19,ACESSORIOS
801511,SHOPS CIDADE JARDIM,A19210023,GARRAFA STEEL,DEGRADE AZUL,U,10,A19,ACESSORIOS
801511,SHOPS CIDADE JARDIM,A19210026,GARRAFA STEEL MAX,ROSE I19,UNICO,10,A19,ACESSORIOS
801511,SHOPS CIDADE JARDIM,A19370039,PORTA SMARTPHONE SLIM,PRETO,U,6,A19,ACESSORIOS
801511,SHOPS CIDADE JARDIM,A20000013,TOALHA BEACH,AZ. JEANS/ OFF WHITE,UNICO,1,A20,ACESSORIOS
801511,SHOPS CIDADE JARDIM,A20190022,BONE MESH BS,PRETO,UNICO,8,A20,CONVENIENCIA
801511,SHOPS CIDADE JARDIM,A20190024,BONE DOBRAVEL BS,PRETO,UNICO,5,A20,CONVENIENCIA
801511,SHOPS CIDADE JARDIM,A20190038,BONE ABERTO,PRETO,UNICO,3,A20,CONVENIENCIA
801511,SHOPS CIDADE JARDIM,A20200020,MOCHILA REFLEX URBAN,PRETO,UNICO,6,A20,CONVENIENCIA
801511,SHOPS CIDADE JARDIM,A20210012,GARRAFA GLASS,GRANITO,UNICO,8,A20,CONVENIENCIA
801511,SHOPS CIDADE JARDIM,A20210027,GARRAFA STEEL,GRANITO,UNICO,10,A20,ACESSORIOS
801511,SHOPS CIDADE JARDIM,A20210027,GARRAFA STEEL,ROSA CLARO V20,UNICO,10,A20,ACESSORIOS
801511,SHOPS CIDADE JARDIM,A20210028,GARRAFA NATURE KIDS,FERVEDOURO I20,UNICO,4,A20,CONVENIENCIA
801511,SHOPS CIDADE JARDIM,A20210028,GARRAFA NATURE KIDS,ARENITO I20,UNICO,4,A20,CONVENIENCIA
801511,SHOPS CIDADE JARDIM,A20210029,GARRAFA BUBBLE GLASS,AZUL NOTURNO,UNICO,10,A20,CONVENIENCIA
801511,SHOPS CIDADE JARDIM,A20210030,GARRAFA STEEL MASSIVE,GRANITO STEEL,UNICO,10,A20,CONVENIENCIA
801511,SHOPS CIDADE JARDIM,A20220015,MALA DUFFEL MATELASSE,PRETO,UNICO,6,A20,CONVENIENCIA
801511,SHOPS CIDADE JARDIM,A20220016,MALA DOBRAVEL T&F,PRETO,UNICO,5,A20,ACESSORIOS
801511,SHOPS CIDADE JARDIM,A20220016,MALA DOBRAVEL T&F,CHUMBO,UNICO,5,A20,ACESSORIOS
801511,SHOPS CIDADE JARDIM,A20220016,MALA DOBRAVEL T&F,NOITE,UNICO,5,A20,ACESSORIOS
801511,SHOPS CIDADE JARDIM,A20220016,MALA DOBRAVEL T&F,AREIA V21,UNICO,5,A20,ACESSORIOS
801511,SHOPS CIDADE JARDIM,A20220016,MALA DOBRAVEL T&F,CITRUS V21,UNICO,5,A20,ACESSORIOS
801511,SHOPS CIDADE JARDIM,A20230081,MEIA REDTECH,PRETO,33/36,3,A20,CONVENIENCIA
801511,SHOPS CIDADE JARDIM,A20230081,MEIA REDTECH,PRETO,37/40,3,A20,CONVENIENCIA
801511,SHOPS CIDADE JARDIM,A20230081,MEIA REDTECH,PRETO,41/44,3,A20,CONVENIENCIA
801511,SHOPS CIDADE JARDIM,A20230099,MEIA SOFT NEW T&F,BRANCO/SILVER,33/38,5,A20,CONVENIENCIA
801511,SHOPS CIDADE JARDIM,A20230102,MEIA COMFY,MESCLA ESCURO,33/36,3,A20,CONVENIENCIA
801511,SHOPS CIDADE JARDIM,A20230102,MEIA COMFY,MESCLA ESCURO,37/40,4,A20,CONVENIENCIA
801511,SHOPS CIDADE JARDIM,A20230102,MEIA COMFY,MESCLA ESCURO,41/44,3,A20,CONVENIENCIA
801511,SHOPS CIDADE JARDIM,A20230103,MEIA GYM,PRETO,37/40,4,A20,CONVENIENCIA
801511,SHOPS CIDADE JARDIM,A20230103,MEIA GYM,PRETO,41/44,4,A20,CONVENIENCIA
801511,SHOPS CIDADE JARDIM,A20260004,TAPETE YOGA ECO,CINZA,UNICO,5,A20,CONVENIENCIA
801511,SHOPS CIDADE JARDIM,A20260004,TAPETE YOGA ECO,AZUL,UNICO,5,A20,CONVENIENCIA
801511,SHOPS CIDADE JARDIM,A20270042,TENIS ESSENTIAL F T&F,OFF WHITE V17,35,2,A20,CONVENIENCIA
801511,SHOPS CIDADE JARDIM,A20270042,TENIS ESSENTIAL F T&F,OFF WHITE V17,36,2,A20,CONVENIENCIA
801511,SHOPS CIDADE JARDIM,A20270042,TENIS ESSENTIAL F T&F,OFF WHITE V17,37,2,A20,CONVENIENCIA
801511,SHOPS CIDADE JARDIM,A20270042,TENIS ESSENTIAL F T&F,OFF WHITE V17,38,2,A20,CONVENIENCIA
801511,SHOPS CIDADE JARDIM,A20270042,TENIS ESSENTIAL F T&F,OFF WHITE V17,39,2,A20,CONVENIENCIA
801511,SHOPS CIDADE JARDIM,A20270042,TENIS ESSENTIAL F T&F,BURITI I20,34,1,A20,CONVENIENCIA
801511,SHOPS CIDADE JARDIM,A20270042,TENIS ESSENTIAL F T&F,BURITI I20,35,2,A20,CONVENIENCIA
801511,SHOPS CIDADE JARDIM,A20270042,TENIS ESSENTIAL F T&F,BURITI I20,36,2,A20,CONVENIENCIA
801511,SHOPS CIDADE JARDIM,A20270042,TENIS ESSENTIAL F T&F,BURITI I20,37,2,A20,CONVENIENCIA
801511,SHOPS CIDADE JARDIM,A20270042,TENIS ESSENTIAL F T&F,BURITI I20,38,2,A20,CONVENIENCIA
801511,SHOPS CIDADE JARDIM,A20270113,TENIS ON CLOUD F,BLACK/WHITE,35,1,A20,ACESSORIOS
801511,SHOPS CIDADE JARDIM,A20270113,TENIS ON CLOUD F,BLACK/WHITE,36,1,A20,ACESSORIOS
801511,SHOPS CIDADE JARDIM,A20270113,TENIS ON CLOUD F,BLACK/WHITE,37,1,A20,ACESSORIOS
801511,SHOPS CIDADE JARDIM,A20270113,TENIS ON CLOUD F,BLACK/WHITE,38,1,A20,ACESSORIOS
801511,SHOPS CIDADE JARDIM,A20270113,TENIS ON CLOUD F,BLACK/WHITE,39,1,A20,ACESSORIOS
801511,SHOPS CIDADE JARDIM,A20270113,TENIS ON CLOUD F,WHITE/SAND,35,1,A20,ACESSORIOS
801511,SHOPS CIDADE JARDIM,A20270113,TENIS ON CLOUD F,WHITE/SAND,36,1,A20,ACESSORIOS
801511,SHOPS CIDADE JARDIM,A20270113,TENIS ON CLOUD F,WHITE/SAND,37,1,A20,ACESSORIOS
801511,SHOPS CIDADE JARDIM,A20270113,TENIS ON CLOUD F,WHITE/SAND,38,1,A20,ACESSORIOS
801511,SHOPS CIDADE JARDIM,A20270113,TENIS ON CLOUD F,WHITE/SAND,39,1,A20,ACESSORIOS
801511,SHOPS CIDADE JARDIM,A20270114,TENIS ON CLOUD M,BLACK/WHITE 19.000,39,1,A20,ACESSORIOS
801511,SHOPS CIDADE JARDIM,A20270114,TENIS ON CLOUD M,BLACK/WHITE 19.000,40,3,A20,ACESSORIOS
801511,SHOPS CIDADE JARDIM,A20270114,TENIS ON CLOUD M,BLACK/WHITE 19.000,41,3,A20,ACESSORIOS
801511,SHOPS CIDADE JARDIM,A20270114,TENIS ON CLOUD M,BLACK/WHITE 19.000,42,1,A20,ACESSORIOS
801511,SHOPS CIDADE JARDIM,A20270114,TENIS ON CLOUD M,BLACK/WHITE 19.000,43,3,A20,ACESSORIOS
801511,SHOPS CIDADE JARDIM,A20270115,TENIS ON CLOUD X F,WHITE/BLACK  20.0007,35,2,A20,ACESSORIOS
801511,SHOPS CIDADE JARDIM,A20270115,TENIS ON CLOUD X F,WHITE/BLACK  20.0007,36,1,A20,ACESSORIOS
801511,SHOPS CIDADE JARDIM,A20270115,TENIS ON CLOUD X F,WHITE/BLACK  20.0007,37,2,A20,ACESSORIOS
801511,SHOPS CIDADE JARDIM,A20270115,TENIS ON CLOUD X F,WHITE/BLACK  20.0007,38,1,A20,ACESSORIOS
801511,SHOPS CIDADE JARDIM,A20270115,TENIS ON CLOUD X F,WHITE/BLACK  20.0007,39,2,A20,ACESSORIOS
801511,SHOPS CIDADE JARDIM,A20270115,TENIS ON CLOUD X F,BLACK/ASPHALT 20.4006,35,1,A20,ACESSORIOS
801511,SHOPS CIDADE JARDIM,A20270115,TENIS ON CLOUD X F,BLACK/ASPHALT 20.4006,36,1,A20,ACESSORIOS
801511,SHOPS CIDADE JARDIM,A20270115,TENIS ON CLOUD X F,BLACK/ASPHALT 20.4006,37,1,A20,ACESSORIOS
801511,SHOPS CIDADE JARDIM,A20270115,TENIS ON CLOUD X F,BLACK/ASPHALT 20.4006,38,1,A20,ACESSORIOS
801511,SHOPS CIDADE JARDIM,A20270115,TENIS ON CLOUD X F,BLACK/ASPHALT 20.4006,39,1,A20,ACESSORIOS
801511,SHOPS CIDADE JARDIM,A20270116,TENIS ON CLOUD X M,BLACK/ASPHALT 204005,39,2,A20,ACESSORIOS
801511,SHOPS CIDADE JARDIM,A20270116,TENIS ON CLOUD X M,BLACK/ASPHALT 204005,40,1,A20,ACESSORIOS
801511,SHOPS CIDADE JARDIM,A20270116,TENIS ON CLOUD X M,BLACK/ASPHALT 204005,41,1,A20,ACESSORIOS
801511,SHOPS CIDADE JARDIM,A20270116,TENIS ON CLOUD X M,BLACK/ASPHALT 204005,42,1,A20,ACESSORIOS
801511,SHOPS CIDADE JARDIM,A20270116,TENIS ON CLOUD X M,BLACK/ASPHALT 204005,43,1,A20,ACESSORIOS
801511,SHOPS CIDADE JARDIM,A20270117,TENIS ON CLOUDSWIFT F,LAKE/SKY,35,1,A20,ACESSORIOS
801511,SHOPS CIDADE JARDIM,A20270117,TENIS ON CLOUDSWIFT F,LAKE/SKY,37,1,A20,ACESSORIOS
801511,SHOPS CIDADE JARDIM,A20270117,TENIS ON CLOUDSWIFT F,LAKE/SKY,38,2,A20,ACESSORIOS
801511,SHOPS CIDADE JARDIM,A20270117,TENIS ON CLOUDSWIFT F,LAKE/SKY,39,2,A20,ACESSORIOS
801511,SHOPS CIDADE JARDIM,A20270118,TENIS ON CLOUDSWIFT M,DENIM/MIDNIGHT 3199943,39,2,A20,ACESSORIOS
801511,SHOPS CIDADE JARDIM,A20270118,TENIS ON CLOUDSWIFT M,DENIM/MIDNIGHT 3199943,41,2,A20,ACESSORIOS
801511,SHOPS CIDADE JARDIM,A20270118,TENIS ON CLOUDSWIFT M,DENIM/MIDNIGHT 3199943,43,2,A20,ACESSORIOS
801511,SHOPS CIDADE JARDIM,A20270122,TENIS EFFUSION F T&F,PRETO,34,1,A20,CONVENIENCIA
801511,SHOPS CIDADE JARDIM,A20270122,TENIS EFFUSION F T&F,PRETO,35,2,A20,CONVENIENCIA
801511,SHOPS CIDADE JARDIM,A20270122,TENIS EFFUSION F T&F,PRETO,36,2,A20,CONVENIENCIA
801511,SHOPS CIDADE JARDIM,A20270122,TENIS EFFUSION F T&F,PRETO,37,2,A20,CONVENIENCIA
801511,SHOPS CIDADE JARDIM,A20270122,TENIS EFFUSION F T&F,PRETO,38,2,A20,CONVENIENCIA
801511,SHOPS CIDADE JARDIM,A20270122,TENIS EFFUSION F T&F,AZUL NOTURNO,34,1,A20,CONVENIENCIA
801511,SHOPS CIDADE JARDIM,A20270122,TENIS EFFUSION F T&F,AZUL NOTURNO,35,2,A20,CONVENIENCIA
801511,SHOPS CIDADE JARDIM,A20270122,TENIS EFFUSION F T&F,AZUL NOTURNO,36,2,A20,CONVENIENCIA
801511,SHOPS CIDADE JARDIM,A20270122,TENIS EFFUSION F T&F,AZUL NOTURNO,37,2,A20,CONVENIENCIA
801511,SHOPS CIDADE JARDIM,A20270122,TENIS EFFUSION F T&F,AZUL NOTURNO,38,2,A20,CONVENIENCIA
801511,SHOPS CIDADE JARDIM,A20270123,TENIS EFFUSION M T&F,PRETO,39,2,A20,CONVENIENCIA
801511,SHOPS CIDADE JARDIM,A20270123,TENIS EFFUSION M T&F,PRETO,40,2,A20,CONVENIENCIA
801511,SHOPS CIDADE JARDIM,A20270123,TENIS EFFUSION M T&F,PRETO,41,2,A20,CONVENIENCIA
801511,SHOPS CIDADE JARDIM,A20270123,TENIS EFFUSION M T&F,PRETO,42,2,A20,CONVENIENCIA
801511,SHOPS CIDADE JARDIM,A20270123,TENIS EFFUSION M T&F,PRETO,43,2,A20,CONVENIENCIA
801511,SHOPS CIDADE JARDIM,A20300027,VISEIRA HOLOGRAFICA,AZUL NOTURNO,UNICO,11,A20,CONVENIENCIA
801511,SHOPS CIDADE JARDIM,A20300027,VISEIRA HOLOGRAFICA,GRANITO,UNICO,11,A20,CONVENIENCIA
801511,SHOPS CIDADE JARDIM,A20300029,CHAPEU BEACH,PALHA,UNICO,3,A20,ACESSORIOS
801511,SHOPS CIDADE JARDIM,A20360004,TIC TAC METAL,PRETO,UNICO,6,A20,CONVENIENCIA
801511,SHOPS CIDADE JARDIM,A20360004,TIC TAC METAL,TARTARUGA,UNICO,6,A20,CONVENIENCIA
801511,SHOPS CIDADE JARDIM,A20360012,PIRANHA GRANDE,TARTARUGA,UNICO,6,A20,CONVENIENCIA
801511,SHOPS CIDADE JARDIM,A20360012,PIRANHA GRANDE,ROSE/ PRETO,UNICO,5,A20,CONVENIENCIA
801511,SHOPS CIDADE JARDIM,A20360012,PIRANHA GRANDE,OFF WHITE/ PRETO,UNICO,6,A20,CONVENIENCIA
801511,SHOPS CIDADE JARDIM,A20430002,MEIA LUVA NEOPRENE,PRETO,M,4,A20,CONVENIENCIA
801511,SHOPS CIDADE JARDIM,A20430002,MEIA LUVA NEOPRENE,PRETO,G,3,A20,CONVENIENCIA
801511,SHOPS CIDADE JARDIM,A20440069,POCHETE FIT,PRETO,UNICO,11,A20,CONVENIENCIA
801511,SHOPS CIDADE JARDIM,A20500001,CUECA SLIP PIMA T&F,BRANCO,M,2,A20,CONVENIENCIA
801511,SHOPS CIDADE JARDIM,A20500001,CUECA SLIP PIMA T&F,BRANCO,G,3,A20,CONVENIENCIA
801511,SHOPS CIDADE JARDIM,A20500001,CUECA SLIP PIMA T&F,BRANCO,GG,3,A20,CONVENIENCIA
801511,SHOPS CIDADE JARDIM,A20500001,CUECA SLIP PIMA T&F,PRETO,P,3,A20,CONVENIENCIA
801511,SHOPS CIDADE JARDIM,A20500001,CUECA SLIP PIMA T&F,PRETO,M,3,A20,CONVENIENCIA
801511,SHOPS CIDADE JARDIM,A20500001,CUECA SLIP PIMA T&F,PRETO,G,3,A20,CONVENIENCIA
801511,SHOPS CIDADE JARDIM,A20500001,CUECA SLIP PIMA T&F,PRETO,GG,3,A20,CONVENIENCIA
801511,SHOPS CIDADE JARDIM,A20500011,CUECA SLIP COOLC,MESCLA CLARO,P,3,A20,CONVENIENCIA
801511,SHOPS CIDADE JARDIM,A20500011,CUECA SLIP COOLC,MESCLA CLARO,M,3,A20,CONVENIENCIA
801511,SHOPS CIDADE JARDIM,A20500011,CUECA SLIP COOLC,MESCLA CLARO,G,3,A20,CONVENIENCIA
801511,SHOPS CIDADE JARDIM,A20500011,CUECA SLIP COOLC,MESCLA CLARO,GG,3,A20,CONVENIENCIA
801511,SHOPS CIDADE JARDIM,A20620007,PROTETOR AURICULAR,UNICA,UNICO,3,A20,CONVENIENCIA
801511,SHOPS CIDADE JARDIM,A20620016,RAQUETE FRESCOBOL,MADEIRA,UNICO,6,A20,CONVENIENCIA
801511,SHOPS CIDADE JARDIM,A20620017,BOLINHA DE FRESCOBOL,PRETO/BRANCO,UNICO,4,A20,CONVENIENCIA
801511,SHOPS CIDADE JARDIM,A20790004,TOUCA NATACAO RESINADA,PRETO,UNICO,3,A20,CONVENIENCIA
801511,SHOPS CIDADE JARDIM,A20790006,TOUCA NATACAO KIDS,ROSA,UNICO,3,A20,CONVENIENCIA
801511,SHOPS CIDADE JARDIM,A20790006,TOUCA NATACAO KIDS,LAGO,UNICO,3,A20,CONVENIENCIA
801511,SHOPS CIDADE JARDIM,A20790007,TOUCA NATACAO SILICONE,NEON LIMA,UNICO,3,A20,CONVENIENCIA
801511,SHOPS CIDADE JARDIM,A20830041,TERMICA BIC PEQUENA,PRETO/MESCLA MEDIO,UNICO,5,A20,CONVENIENCIA
801511,SHOPS CIDADE JARDIM,A20830042,TERMICA BIC GRANDE,PRETO/MESCLA MEDIO,UNICO,5,A20,CONVENIENCIA
801511,SHOPS CIDADE JARDIM,A20980004,MASCARA ESPORTIVA,PRETO,P,3,A20,CONVENIENCIA
801511,SHOPS CIDADE JARDIM,A20980004,MASCARA ESPORTIVA,PRETO,M,5,A20,CONVENIENCIA
801511,SHOPS CIDADE JARDIM,A20980004,MASCARA ESPORTIVA,MESCLA ESCURO,P,3,A20,CONVENIENCIA
801511,SHOPS CIDADE JARDIM,A20980004,MASCARA ESPORTIVA,MESCLA ESCURO,M,5,A20,CONVENIENCIA
801511,SHOPS CIDADE JARDIM,A20980005,FILTRO MASCARA,BRANCO,UNICO,12,A20,CONVENIENCIA
801511,SHOPS CIDADE JARDIM,A20980007,MASCARA DE PROTECAO,CINZA PRATA,M,15,A20,AUTORIDADE
801511,SHOPS CIDADE JARDIM,A20980007,MASCARA DE PROTECAO,WAVE,P,10,A20,AUTORIDADE
801511,SHOPS CIDADE JARDIM,A20980007,MASCARA DE PROTECAO,WAVE,M,14,A20,AUTORIDADE
801511,SHOPS CIDADE JARDIM,A20980008,MASCARA POWERCOOL,MENTOL I18,M,11,A20,CONVENIENCIA
801511,SHOPS CIDADE JARDIM,A20980008,MASCARA POWERCOOL,CHUMBO V19,P,10,A20,CONVENIENCIA
801511,SHOPS CIDADE JARDIM,A20980008,MASCARA POWERCOOL,CHUMBO V19,M,4,A20,CONVENIENCIA
801511,SHOPS CIDADE JARDIM,A21140032,BOLSA BEACH,CONCHAS V21,UNICO,10,A21,CONVENIENCIA
801511,SHOPS CIDADE JARDIM,A21140032,BOLSA BEACH,TIE DYE V21,UNICO,8,A21,CONVENIENCIA
801511,SHOPS CIDADE JARDIM,A21140032,BOLSA BEACH,ILHA V21,UNICO,8,A21,CONVENIENCIA
801511,SHOPS CIDADE JARDIM,A21140042,BOLSA BEACH,PRETO,UNICO,10,A21,CONVENIENCIA
801511,SHOPS CIDADE JARDIM,A21140042,BOLSA BEACH,CITRUS V21,UNICO,5,A21,CONVENIENCIA
801511,SHOPS CIDADE JARDIM,A21140043,BOLSA SHOULDER,PRETO,UNICO,8,A21,ACESSORIOS
801511,SHOPS CIDADE JARDIM,A21170115,TENIS ON CLOUD X F,WHITE/BLACK,35,1,A21,ACESSORIOS
801511,SHOPS CIDADE JARDIM,A21170115,TENIS ON CLOUD X F,WHITE/BLACK,36,1,A21,ACESSORIOS
801511,SHOPS CIDADE JARDIM,A21170115,TENIS ON CLOUD X F,WHITE/BLACK,37,2,A21,ACESSORIOS
801511,SHOPS CIDADE JARDIM,A21170115,TENIS ON CLOUD X F,WHITE/BLACK,38,2,A21,ACESSORIOS
801511,SHOPS CIDADE JARDIM,A21170115,TENIS ON CLOUD X F,WHITE/BLACK,39,1,A21,ACESSORIOS
801511,SHOPS CIDADE JARDIM,A21200021,MINI MOCHILA,PRETO,UNICO,5,A21,CONVENIENCIA
801511,SHOPS CIDADE JARDIM,A21200021,MINI MOCHILA,MANGUE V21,UNICO,5,A21,CONVENIENCIA
801511,SHOPS CIDADE JARDIM,A21230104,MEIA LIFESTYLE,BARQUINHO V21,33/36,3,A21,CONVENIENCIA
801511,SHOPS CIDADE JARDIM,A21230104,MEIA LIFESTYLE,BARQUINHO V21,37/40,3,A21,CONVENIENCIA
801511,SHOPS CIDADE JARDIM,A21230104,MEIA LIFESTYLE,BARQUINHO V21,41/44,1,A21,CONVENIENCIA
801511,SHOPS CIDADE JARDIM,A21230104,MEIA LIFESTYLE,COQUEIRINHO V21,33/36,3,A21,CONVENIENCIA
801511,SHOPS CIDADE JARDIM,A21230104,MEIA LIFESTYLE,COQUEIRINHO V21,37/40,3,A21,CONVENIENCIA
801511,SHOPS CIDADE JARDIM,A21230104,MEIA LIFESTYLE,COQUEIRINHO V21,41/44,1,A21,CONVENIENCIA
801511,SHOPS CIDADE JARDIM,A21270116,TENIS ON CLOUD X M,BLACK/ASPHALT,39,1,A21,ACESSORIOS
801511,SHOPS CIDADE JARDIM,A21270116,TENIS ON CLOUD X M,BLACK/ASPHALT,40,1,A21,ACESSORIOS
801511,SHOPS CIDADE JARDIM,A21270116,TENIS ON CLOUD X M,BLACK/ASPHALT,41,2,A21,ACESSORIOS
801511,SHOPS CIDADE JARDIM,A21270116,TENIS ON CLOUD X M,BLACK/ASPHALT,42,2,A21,ACESSORIOS
801511,SHOPS CIDADE JARDIM,A21270116,TENIS ON CLOUD X M,BLACK/ASPHALT,43,1,A21,ACESSORIOS
801511,SHOPS CIDADE JARDIM,A21300031,VISEIRA FRANJAS BEACH,CEU V21,UNICO,5,A21,CONVENIENCIA
801511,SHOPS CIDADE JARDIM,A21300032,CHAPEU BEACH,AZUL NOTURNO,UNICO,2,A21,CONVENIENCIA
801511,SHOPS CIDADE JARDIM,A21300033,VISEIRA LARGA BEACH,AREIA V21,UNICO,5,A21,CONVENIENCIA
801511,SHOPS CIDADE JARDIM,A21830033,NECESSAIRE BEACH,CONCHAS V21,UNICO,10,A21,CONVENIENCIA
801511,SHOPS CIDADE JARDIM,A21830033,NECESSAIRE BEACH,TIE DYE V21,UNICO,8,A21,CONVENIENCIA
801511,SHOPS CIDADE JARDIM,A21830033,NECESSAIRE BEACH,ILHA V21,UNICO,8,A21,CONVENIENCIA
801511,SHOPS CIDADE JARDIM,A21980013,MASCARA CONFORTO,PRETO,M,10,A21,CONVENIENCIA
801511,SHOPS CIDADE JARDIM,I20040782,CAM MC MATERNITY,VEREDA I20,P,2,I20,AUTORIDADE
801511,SHOPS CIDADE JARDIM,I20040782,CAM MC MATERNITY,VEREDA I20,M,2,I20,AUTORIDADE
801511,SHOPS CIDADE JARDIM,I20040782,CAM MC MATERNITY,VEREDA I20,G,2,I20,AUTORIDADE
801511,SHOPS CIDADE JARDIM,I20040782,CAM MC MATERNITY,VEREDA I20,GG,1,I20,AUTORIDADE
801511,SHOPS CIDADE JARDIM,I20040782,CAM MC MATERNITY,ARENITO I20,P,2,I20,AUTORIDADE
801511,SHOPS CIDADE JARDIM,I20040782,CAM MC MATERNITY,ARENITO I20,M,2,I20,AUTORIDADE
801511,SHOPS CIDADE JARDIM,I20040782,CAM MC MATERNITY,ARENITO I20,G,2,I20,AUTORIDADE
801511,SHOPS CIDADE JARDIM,I20040782,CAM MC MATERNITY,ARENITO I20,GG,1,I20,AUTORIDADE
801511,SHOPS CIDADE JARDIM,I20070611,LEG MATERNITY,PRETO,P,2,I20,AUTORIDADE
801511,SHOPS CIDADE JARDIM,I20070611,LEG MATERNITY,PRETO,M,2,I20,AUTORIDADE
801511,SHOPS CIDADE JARDIM,I20070611,LEG MATERNITY,PRETO,G,2,I20,AUTORIDADE
801511,SHOPS CIDADE JARDIM,I20070611,LEG MATERNITY,PRETO,GG,1,I20,AUTORIDADE
801511,SHOPS CIDADE JARDIM,I20070611,LEG MATERNITY,MESCLA ESCURO,P,2,I20,AUTORIDADE
801511,SHOPS CIDADE JARDIM,I20070611,LEG MATERNITY,MESCLA ESCURO,M,2,I20,AUTORIDADE
801511,SHOPS CIDADE JARDIM,I20070611,LEG MATERNITY,MESCLA ESCURO,G,2,I20,AUTORIDADE
801511,SHOPS CIDADE JARDIM,I20070611,LEG MATERNITY,MESCLA ESCURO,GG,1,I20,AUTORIDADE
801511,SHOPS CIDADE JARDIM,I20080132,BERM SLIM MATERNITY,PRETO,P,1,I20,PREFERENCIAL
801511,SHOPS CIDADE JARDIM,I20080132,BERM SLIM MATERNITY,PRETO,M,1,I20,PREFERENCIAL
801511,SHOPS CIDADE JARDIM,I20080132,BERM SLIM MATERNITY,PRETO,G,1,I20,PREFERENCIAL
801511,SHOPS CIDADE JARDIM,I20080132,BERM SLIM MATERNITY,PRETO,GG,1,I20,PREFERENCIAL
801511,SHOPS CIDADE JARDIM,I20080132,BERM SLIM MATERNITY,MESCLA ESCURO,P,1,I20,PREFERENCIAL
801511,SHOPS CIDADE JARDIM,I20080132,BERM SLIM MATERNITY,MESCLA ESCURO,M,1,I20,PREFERENCIAL
801511,SHOPS CIDADE JARDIM,I20080132,BERM SLIM MATERNITY,MESCLA ESCURO,G,1,I20,PREFERENCIAL
801511,SHOPS CIDADE JARDIM,I20080132,BERM SLIM MATERNITY,MESCLA ESCURO,GG,1,I20,PREFERENCIAL
801511,SHOPS CIDADE JARDIM,N00010725,CAM F MC TH FLORES,PRETO,P,3,N00,AUTORIDADE
801511,SHOPS CIDADE JARDIM,N00010725,CAM F MC TH FLORES,PRETO,M,3,N00,AUTORIDADE
801511,SHOPS CIDADE JARDIM,N00010725,CAM F MC TH FLORES,PRETO,G,2,N00,AUTORIDADE
801511,SHOPS CIDADE JARDIM,N00010725,CAM F MC TH FLORES,PRETO,GG,2,N00,AUTORIDADE
801511,SHOPS CIDADE JARDIM,N00010726,CAM F MC TH PASSARO,MESCLA MEDIO,PP,2,N00,AUTORIDADE
801511,SHOPS CIDADE JARDIM,N00010726,CAM F MC TH PASSARO,MESCLA MEDIO,P,3,N00,AUTORIDADE
801511,SHOPS CIDADE JARDIM,N00010726,CAM F MC TH PASSARO,MESCLA MEDIO,M,3,N00,AUTORIDADE
801511,SHOPS CIDADE JARDIM,N00010726,CAM F MC TH PASSARO,MESCLA MEDIO,G,2,N00,AUTORIDADE
801511,SHOPS CIDADE JARDIM,N00010726,CAM F MC TH PASSARO,MESCLA MEDIO,GG,2,N00,AUTORIDADE
801511,SHOPS CIDADE JARDIM,N00010727,CAM F MC TH MATA,MANGUE V21,P,3,N00,AUTORIDADE
801511,SHOPS CIDADE JARDIM,N00010727,CAM F MC TH MATA,MANGUE V21,M,3,N00,AUTORIDADE
801511,SHOPS CIDADE JARDIM,N00010727,CAM F MC TH MATA,MANGUE V21,G,2,N00,AUTORIDADE
801511,SHOPS CIDADE JARDIM,N00010727,CAM F MC TH MATA,MANGUE V21,GG,2,N00,AUTORIDADE
801511,SHOPS CIDADE JARDIM,N00010731,CAM M MC TH LOGO,PRETO,PP,2,N00,AUTORIDADE
801511,SHOPS CIDADE JARDIM,N00010731,CAM M MC TH LOGO,PRETO,P,2,N00,AUTORIDADE
801511,SHOPS CIDADE JARDIM,N00010731,CAM M MC TH LOGO,PRETO,M,3,N00,AUTORIDADE
801511,SHOPS CIDADE JARDIM,N00010731,CAM M MC TH LOGO,PRETO,G,3,N00,AUTORIDADE
801511,SHOPS CIDADE JARDIM,N00010731,CAM M MC TH LOGO,PRETO,GG,2,N00,AUTORIDADE
801511,SHOPS CIDADE JARDIM,N00010732,CAM M MC TH ONDA,PRETO,PP,2,N00,AUTORIDADE
801511,SHOPS CIDADE JARDIM,N00010732,CAM M MC TH ONDA,PRETO,P,2,N00,AUTORIDADE
801511,SHOPS CIDADE JARDIM,N00010732,CAM M MC TH ONDA,PRETO,M,3,N00,AUTORIDADE
801511,SHOPS CIDADE JARDIM,N00010732,CAM M MC TH ONDA,PRETO,G,3,N00,AUTORIDADE
801511,SHOPS CIDADE JARDIM,N00010734,CAM M MC TH RIO,AZUL NOTURNO,PP,2,N00,AUTORIDADE
801511,SHOPS CIDADE JARDIM,N00010734,CAM M MC TH RIO,AZUL NOTURNO,P,2,N00,AUTORIDADE
801511,SHOPS CIDADE JARDIM,N00010734,CAM M MC TH RIO,AZUL NOTURNO,M,3,N00,AUTORIDADE
801511,SHOPS CIDADE JARDIM,N00010734,CAM M MC TH RIO,AZUL NOTURNO,G,3,N00,AUTORIDADE
801511,SHOPS CIDADE JARDIM,N00010734,CAM M MC TH RIO,AZUL NOTURNO,GG,2,N00,AUTORIDADE
801511,SHOPS CIDADE JARDIM,N00010737,CAM M MC TH ARVORE,MESCLA MEDIO,PP,2,N00,AUTORIDADE
801511,SHOPS CIDADE JARDIM,N00010737,CAM M MC TH ARVORE,MESCLA MEDIO,P,2,N00,AUTORIDADE
801511,SHOPS CIDADE JARDIM,N00010737,CAM M MC TH ARVORE,MESCLA MEDIO,M,3,N00,AUTORIDADE
801511,SHOPS CIDADE JARDIM,N00010737,CAM M MC TH ARVORE,MESCLA MEDIO,G,3,N00,AUTORIDADE
801511,SHOPS CIDADE JARDIM,N00010737,CAM M MC TH ARVORE,MESCLA MEDIO,GG,1,N00,AUTORIDADE
801511,SHOPS CIDADE JARDIM,N00010738,CAM M MC TH TRIBOS,MESCLA MEDIO,PP,2,N00,AUTORIDADE
801511,SHOPS CIDADE JARDIM,N00010738,CAM M MC TH TRIBOS,MESCLA MEDIO,M,4,N00,AUTORIDADE
801511,SHOPS CIDADE JARDIM,N00010738,CAM M MC TH TRIBOS,MESCLA MEDIO,G,4,N00,AUTORIDADE
801511,SHOPS CIDADE JARDIM,N00010739,CAM M MC TH ALDEIA,GRANITO,PP,2,N00,AUTORIDADE
801511,SHOPS CIDADE JARDIM,N00010739,CAM M MC TH ALDEIA,GRANITO,M,3,N00,AUTORIDADE
801511,SHOPS CIDADE JARDIM,N00010739,CAM M MC TH ALDEIA,GRANITO,G,4,N00,AUTORIDADE
801511,SHOPS CIDADE JARDIM,N00010739,CAM M MC TH ALDEIA,GRANITO,GG,2,N00,AUTORIDADE
801511,SHOPS CIDADE JARDIM,N00010740,CAM M MC TH GEO,MANGUE V21,PP,2,N00,AUTORIDADE
801511,SHOPS CIDADE JARDIM,N00010740,CAM M MC TH GEO,MANGUE V21,P,2,N00,AUTORIDADE
801511,SHOPS CIDADE JARDIM,N00010740,CAM M MC TH GEO,MANGUE V21,M,3,N00,AUTORIDADE
801511,SHOPS CIDADE JARDIM,N00010740,CAM M MC TH GEO,MANGUE V21,G,3,N00,AUTORIDADE
801511,SHOPS CIDADE JARDIM,N00010740,CAM M MC TH GEO,MANGUE V21,GG,2,N00,AUTORIDADE
801511,SHOPS CIDADE JARDIM,N00010741,CAM M MC TH FOLHA,MANGUE V21,PP,2,N00,AUTORIDADE
801511,SHOPS CIDADE JARDIM,N00010741,CAM M MC TH FOLHA,MANGUE V21,M,4,N00,AUTORIDADE
801511,SHOPS CIDADE JARDIM,N00010741,CAM M MC TH FOLHA,MANGUE V21,G,4,N00,AUTORIDADE
801511,SHOPS CIDADE JARDIM,N00010741,CAM M MC TH FOLHA,MANGUE V21,GG,2,N00,AUTORIDADE
801511,SHOPS CIDADE JARDIM,N00010742,CAM M MC TH LUZ,URUCUM V21,PP,2,N00,AUTORIDADE
801511,SHOPS CIDADE JARDIM,N00010742,CAM M MC TH LUZ,URUCUM V21,P,2,N00,AUTORIDADE
801511,SHOPS CIDADE JARDIM,N00010742,CAM M MC TH LUZ,URUCUM V21,M,3,N00,AUTORIDADE
801511,SHOPS CIDADE JARDIM,N00010742,CAM M MC TH LUZ,URUCUM V21,G,3,N00,AUTORIDADE
801511,SHOPS CIDADE JARDIM,N00010742,CAM M MC TH LUZ,URUCUM V21,GG,2,N00,AUTORIDADE
801511,SHOPS CIDADE JARDIM,N00020087,SHORTS M M E BEACH,NO V21,PP,3,N00,AUTORIDADE
801511,SHOPS CIDADE JARDIM,N00020087,SHORTS M M E BEACH,NO V21,M,3,N00,AUTORIDADE
801511,SHOPS CIDADE JARDIM,N00020087,SHORTS M M E BEACH,NO V21,G,3,N00,AUTORIDADE
801511,SHOPS CIDADE JARDIM,N00020087,SHORTS M M E BEACH,NO V21,GG,2,N00,AUTORIDADE
801511,SHOPS CIDADE JARDIM,N00020087,SHORTS M M E BEACH,IGREJINHA V21,PP,3,N00,AUTORIDADE
801511,SHOPS CIDADE JARDIM,N00020087,SHORTS M M E BEACH,IGREJINHA V21,M,3,N00,AUTORIDADE
801511,SHOPS CIDADE JARDIM,N00020087,SHORTS M M E BEACH,IGREJINHA V21,G,3,N00,AUTORIDADE
801511,SHOPS CIDADE JARDIM,N00020087,SHORTS M M E BEACH,IGREJINHA V21,GG,2,N00,AUTORIDADE
801511,SHOPS CIDADE JARDIM,N00020378,SHORTS M LONGO ST,PRETO,P,2,N00,AUTORIDADE
801511,SHOPS CIDADE JARDIM,N00020378,SHORTS M LONGO ST,PRETO,M,3,N00,AUTORIDADE
801511,SHOPS CIDADE JARDIM,N00020378,SHORTS M LONGO ST,PRETO,GG,2,N00,AUTORIDADE
801511,SHOPS CIDADE JARDIM,N00020378,SHORTS M LONGO ST,AZUL NOTURNO,M,4,N00,AUTORIDADE
801511,SHOPS CIDADE JARDIM,N00020378,SHORTS M LONGO ST,AZUL NOTURNO,G,3,N00,AUTORIDADE
801511,SHOPS CIDADE JARDIM,N00020378,SHORTS M LONGO ST,AZUL NOTURNO,GG,2,N00,AUTORIDADE
801511,SHOPS CIDADE JARDIM,N00020378,SHORTS M LONGO ST,GRANITO,P,2,N00,AUTORIDADE
801511,SHOPS CIDADE JARDIM,N00020378,SHORTS M LONGO ST,GRANITO,M,3,N00,AUTORIDADE
801511,SHOPS CIDADE JARDIM,N00020378,SHORTS M LONGO ST,GRANITO,G,4,N00,AUTORIDADE
801511,SHOPS CIDADE JARDIM,N00020378,SHORTS M LONGO ST,GRANITO,GG,2,N00,AUTORIDADE
801511,SHOPS CIDADE JARDIM,N00040042,CAM M MC TH,BRANCO,P,2,N00,AUTORIDADE
801511,SHOPS CIDADE JARDIM,N00040042,CAM M MC TH,BRANCO,M,2,N00,AUTORIDADE
801511,SHOPS CIDADE JARDIM,N00040042,CAM M MC TH,BRANCO,G,2,N00,AUTORIDADE
801511,SHOPS CIDADE JARDIM,N00040042,CAM M MC TH,BRANCO,GG,2,N00,AUTORIDADE
801511,SHOPS CIDADE JARDIM,N00040042,CAM M MC TH,PRETO,P,2,N00,AUTORIDADE
801511,SHOPS CIDADE JARDIM,N00040042,CAM M MC TH,PRETO,M,2,N00,AUTORIDADE
801511,SHOPS CIDADE JARDIM,N00040042,CAM M MC TH,PRETO,G,2,N00,AUTORIDADE
801511,SHOPS CIDADE JARDIM,N00040042,CAM M MC TH,PRETO,GG,2,N00,AUTORIDADE
801511,SHOPS CIDADE JARDIM,N00040042,CAM M MC TH,AZUL NOTURNO,P,2,N00,AUTORIDADE
801511,SHOPS CIDADE JARDIM,N00040042,CAM M MC TH,AZUL NOTURNO,M,2,N00,AUTORIDADE
801511,SHOPS CIDADE JARDIM,N00040042,CAM M MC TH,AZUL NOTURNO,G,2,N00,AUTORIDADE
801511,SHOPS CIDADE JARDIM,N00040042,CAM M MC TH,AZUL NOTURNO,GG,2,N00,AUTORIDADE
801511,SHOPS CIDADE JARDIM,N00040181,CAM F MC GOTA,CEU V21,PP,2,N00,AUTORIDADE
801511,SHOPS CIDADE JARDIM,N00040181,CAM F MC GOTA,CEU V21,M,3,N00,AUTORIDADE
801511,SHOPS CIDADE JARDIM,N00040181,CAM F MC GOTA,CEU V21,G,2,N00,AUTORIDADE
801511,SHOPS CIDADE JARDIM,N00040181,CAM F MC GOTA,CEU V21,GG,2,N00,AUTORIDADE
801511,SHOPS CIDADE JARDIM,N00040181,CAM F MC GOTA,MANGUE V21,PP,2,N00,AUTORIDADE
801511,SHOPS CIDADE JARDIM,N00040181,CAM F MC GOTA,MANGUE V21,P,3,N00,AUTORIDADE
801511,SHOPS CIDADE JARDIM,N00040181,CAM F MC GOTA,MANGUE V21,M,3,N00,AUTORIDADE
801511,SHOPS CIDADE JARDIM,N00040181,CAM F MC GOTA,MANGUE V21,G,2,N00,AUTORIDADE
801511,SHOPS CIDADE JARDIM,N00040181,CAM F MC GOTA,MANGUE V21,GG,2,N00,AUTORIDADE
801511,SHOPS CIDADE JARDIM,N00040399,CAM M MC TH,MESCLA MEDIO,P,2,N00,AUTORIDADE
801511,SHOPS CIDADE JARDIM,N00040399,CAM M MC TH,MESCLA MEDIO,M,2,N00,AUTORIDADE
801511,SHOPS CIDADE JARDIM,N00040399,CAM M MC TH,MESCLA MEDIO,G,2,N00,AUTORIDADE
801511,SHOPS CIDADE JARDIM,N00040399,CAM M MC TH,MESCLA MEDIO,GG,2,N00,AUTORIDADE
801511,SHOPS CIDADE JARDIM,N00060060,JAQUETA F WR,TROPICAL V21,PP,2,N00,AUTORIDADE
801511,SHOPS CIDADE JARDIM,N00060060,JAQUETA F WR,TROPICAL V21,P,3,N00,AUTORIDADE
801511,SHOPS CIDADE JARDIM,N00060060,JAQUETA F WR,TROPICAL V21,M,3,N00,AUTORIDADE
801511,SHOPS CIDADE JARDIM,N00060060,JAQUETA F WR,TROPICAL V21,G,2,N00,AUTORIDADE
801511,SHOPS CIDADE JARDIM,N00060060,JAQUETA F WR,TROPICAL V21,GG,2,N00,AUTORIDADE
801511,SHOPS CIDADE JARDIM,N00060061,JAQUETA M WR,CITRUS V21,PP,2,N00,AUTORIDADE
801511,SHOPS CIDADE JARDIM,N00060061,JAQUETA M WR,CITRUS V21,P,2,N00,AUTORIDADE
801511,SHOPS CIDADE JARDIM,N00060061,JAQUETA M WR,CITRUS V21,M,2,N00,AUTORIDADE
801511,SHOPS CIDADE JARDIM,N00060061,JAQUETA M WR,CITRUS V21,G,3,N00,AUTORIDADE
801511,SHOPS CIDADE JARDIM,N00060061,JAQUETA M WR,CITRUS V21,GG,2,N00,AUTORIDADE
801511,SHOPS CIDADE JARDIM,N00070269,LEG F BASICA,AZUL NOTURNO,P,2,N00,AUTORIDADE
801511,SHOPS CIDADE JARDIM,N00070269,LEG F BASICA,AZUL NOTURNO,M,2,N00,AUTORIDADE
801511,SHOPS CIDADE JARDIM,N00070269,LEG F BASICA,AZUL NOTURNO,G,2,N00,AUTORIDADE
801511,SHOPS CIDADE JARDIM,N00070269,LEG F BASICA,ROMA V21,PP,2,N00,AUTORIDADE
801511,SHOPS CIDADE JARDIM,N00070269,LEG F BASICA,ROMA V21,P,3,N00,AUTORIDADE
801511,SHOPS CIDADE JARDIM,N00070269,LEG F BASICA,ROMA V21,M,3,N00,AUTORIDADE
801511,SHOPS CIDADE JARDIM,N00070269,LEG F BASICA,ROMA V21,G,2,N00,AUTORIDADE
801511,SHOPS CIDADE JARDIM,N00090351,TOP BOJO,BRANCO,P,2,N00,AUTORIDADE
801511,SHOPS CIDADE JARDIM,N00090351,TOP BOJO,BRANCO,M,2,N00,AUTORIDADE
801511,SHOPS CIDADE JARDIM,N00090351,TOP BOJO,PRETO,P,2,N00,AUTORIDADE
801511,SHOPS CIDADE JARDIM,N00090351,TOP BOJO,PRETO,M,2,N00,AUTORIDADE
801511,SHOPS CIDADE JARDIM,N00090355,TOP ELASTICO LOGO,AZUL NOTURNO,P,3,N00,AUTORIDADE
801511,SHOPS CIDADE JARDIM,N00090355,TOP ELASTICO LOGO,AZUL NOTURNO,M,3,N00,AUTORIDADE
801511,SHOPS CIDADE JARDIM,N00090355,TOP ELASTICO LOGO,AZUL NOTURNO,G,2,N00,AUTORIDADE
801511,SHOPS CIDADE JARDIM,N00090355,TOP ELASTICO LOGO,AZUL NOTURNO,GG,2,N00,AUTORIDADE
801511,SHOPS CIDADE JARDIM,N00090355,TOP ELASTICO LOGO,CHUMBO,P,2,N00,AUTORIDADE
801511,SHOPS CIDADE JARDIM,N00090355,TOP ELASTICO LOGO,CHUMBO,M,3,N00,AUTORIDADE
801511,SHOPS CIDADE JARDIM,N00090355,TOP ELASTICO LOGO,CHUMBO,G,2,N00,AUTORIDADE
801511,SHOPS CIDADE JARDIM,N00090355,TOP ELASTICO LOGO,CHUMBO,GG,2,N00,AUTORIDADE
801511,SHOPS CIDADE JARDIM,N00130079,SUNGA E LARGA,SOFT V21,1,2,N00,AUTORIDADE
801511,SHOPS CIDADE JARDIM,N00130079,SUNGA E LARGA,SOFT V21,2,2,N00,AUTORIDADE
801511,SHOPS CIDADE JARDIM,N00130079,SUNGA E LARGA,SOFT V21,3,2,N00,AUTORIDADE
801511,SHOPS CIDADE JARDIM,N00130079,SUNGA E LARGA,SOFT V21,4,2,N00,AUTORIDADE
801511,SHOPS CIDADE JARDIM,N00130079,SUNGA E LARGA,VEREDA V21,0,2,N00,AUTORIDADE
801511,SHOPS CIDADE JARDIM,N00130079,SUNGA E LARGA,VEREDA V21,1,2,N00,AUTORIDADE
801511,SHOPS CIDADE JARDIM,N00130079,SUNGA E LARGA,VEREDA V21,2,2,N00,AUTORIDADE
801511,SHOPS CIDADE JARDIM,N00130079,SUNGA E LARGA,VEREDA V21,3,2,N00,AUTORIDADE
801511,SHOPS CIDADE JARDIM,N00130079,SUNGA E LARGA,VEREDA V21,4,2,N00,AUTORIDADE
801511,SHOPS CIDADE JARDIM,N00130079,SUNGA E LARGA,IRIS V21,1,2,N00,AUTORIDADE
801511,SHOPS CIDADE JARDIM,N00130079,SUNGA E LARGA,IRIS V21,2,2,N00,AUTORIDADE
801511,SHOPS CIDADE JARDIM,N00130079,SUNGA E LARGA,IRIS V21,3,2,N00,AUTORIDADE
801511,SHOPS CIDADE JARDIM,N00130079,SUNGA E LARGA,IRIS V21,4,2,N00,AUTORIDADE
801511,SHOPS CIDADE JARDIM,N00130079,SUNGA E LARGA,FLOR V21,2,3,N00,AUTORIDADE
801511,SHOPS CIDADE JARDIM,N00130079,SUNGA E LARGA,FLOR V21,3,2,N00,AUTORIDADE
801511,SHOPS CIDADE JARDIM,N00130079,SUNGA E LARGA,FLOR V21,4,2,N00,AUTORIDADE
801511,SHOPS CIDADE JARDIM,N00130180,SUNGA LARGA WAVE,AZUL NOTURNO,0,2,N00,AUTORIDADE
801511,SHOPS CIDADE JARDIM,N00130180,SUNGA LARGA WAVE,AZUL NOTURNO,1,2,N00,AUTORIDADE
801511,SHOPS CIDADE JARDIM,N00130180,SUNGA LARGA WAVE,AZUL NOTURNO,2,2,N00,AUTORIDADE
801511,SHOPS CIDADE JARDIM,N00130180,SUNGA LARGA WAVE,AZUL NOTURNO,3,2,N00,AUTORIDADE
801511,SHOPS CIDADE JARDIM,N00130180,SUNGA LARGA WAVE,AZUL NOTURNO,4,2,N00,AUTORIDADE
801511,SHOPS CIDADE JARDIM,N00130180,SUNGA LARGA WAVE,MANGUE V21,0,2,N00,AUTORIDADE
801511,SHOPS CIDADE JARDIM,N00130180,SUNGA LARGA WAVE,MANGUE V21,1,2,N00,AUTORIDADE
801511,SHOPS CIDADE JARDIM,N00130180,SUNGA LARGA WAVE,MANGUE V21,2,2,N00,AUTORIDADE
801511,SHOPS CIDADE JARDIM,N00130180,SUNGA LARGA WAVE,MANGUE V21,3,2,N00,AUTORIDADE
801511,SHOPS CIDADE JARDIM,N00130180,SUNGA LARGA WAVE,MANGUE V21,4,2,N00,AUTORIDADE
801511,SHOPS CIDADE JARDIM,N00170063,BLUSAO F PWR COOL,CHUMBO,P,3,N00,AUTORIDADE
801511,SHOPS CIDADE JARDIM,N00170063,BLUSAO F PWR COOL,CHUMBO,M,2,N00,AUTORIDADE
801511,SHOPS CIDADE JARDIM,N00170063,BLUSAO F PWR COOL,CHUMBO,G,2,N00,AUTORIDADE
801511,SHOPS CIDADE JARDIM,N00170063,BLUSAO F PWR COOL,CEU V21,PP,2,N00,AUTORIDADE
801511,SHOPS CIDADE JARDIM,N00170063,BLUSAO F PWR COOL,CEU V21,P,3,N00,AUTORIDADE
801511,SHOPS CIDADE JARDIM,N00170063,BLUSAO F PWR COOL,CEU V21,M,3,N00,AUTORIDADE
801511,SHOPS CIDADE JARDIM,N00170063,BLUSAO F PWR COOL,CEU V21,G,2,N00,AUTORIDADE
801511,SHOPS CIDADE JARDIM,N00170063,BLUSAO F PWR COOL,CEU V21,GG,2,N00,AUTORIDADE
801511,SHOPS CIDADE JARDIM,N00170063,BLUSAO F PWR COOL,ROMA V21,PP,2,N00,AUTORIDADE
801511,SHOPS CIDADE JARDIM,N00170063,BLUSAO F PWR COOL,ROMA V21,P,3,N00,AUTORIDADE
801511,SHOPS CIDADE JARDIM,N00170063,BLUSAO F PWR COOL,ROMA V21,M,3,N00,AUTORIDADE
801511,SHOPS CIDADE JARDIM,N00170063,BLUSAO F PWR COOL,ROMA V21,G,2,N00,AUTORIDADE
801511,SHOPS CIDADE JARDIM,N00170063,BLUSAO F PWR COOL,ROMA V21,GG,2,N00,AUTORIDADE
801511,SHOPS CIDADE JARDIM,N00600002,REG F GOTA,NOITE,P,3,N00,AUTORIDADE
801511,SHOPS CIDADE JARDIM,N00600002,REG F GOTA,NOITE,M,3,N00,AUTORIDADE
801511,SHOPS CIDADE JARDIM,N00600002,REG F GOTA,NOITE,G,2,N00,AUTORIDADE
801511,SHOPS CIDADE JARDIM,N00600002,REG F GOTA,NOITE,GG,2,N00,AUTORIDADE
801511,SHOPS CIDADE JARDIM,N00600002,REG F GOTA,HIBISCO V21,P,3,N00,AUTORIDADE
801511,SHOPS CIDADE JARDIM,N00600002,REG F GOTA,HIBISCO V21,M,3,N00,AUTORIDADE
801511,SHOPS CIDADE JARDIM,N00600002,REG F GOTA,HIBISCO V21,G,2,N00,AUTORIDADE
801511,SHOPS CIDADE JARDIM,N00600002,REG F GOTA,HIBISCO V21,GG,2,N00,AUTORIDADE
801511,SHOPS CIDADE JARDIM,N00800005,TOP CORTININHA,PRETO,0,2,N00,AUTORIDADE
801511,SHOPS CIDADE JARDIM,N00800005,TOP CORTININHA,PRETO,1,2,N00,AUTORIDADE
801511,SHOPS CIDADE JARDIM,N00800005,TOP CORTININHA,PRETO,2,2,N00,AUTORIDADE
801511,SHOPS CIDADE JARDIM,N00800005,TOP CORTININHA,PRETO,3,2,N00,AUTORIDADE
801511,SHOPS CIDADE JARDIM,N00800005,TOP CORTININHA,AZUL NOTURNO,0,2,N00,AUTORIDADE
801511,SHOPS CIDADE JARDIM,N00800005,TOP CORTININHA,AZUL NOTURNO,1,2,N00,AUTORIDADE
801511,SHOPS CIDADE JARDIM,N00800005,TOP CORTININHA,AZUL NOTURNO,2,2,N00,AUTORIDADE
801511,SHOPS CIDADE JARDIM,N00800005,TOP CORTININHA,URUCUM V21,0,3,N00,AUTORIDADE
801511,SHOPS CIDADE JARDIM,N00800005,TOP CORTININHA,URUCUM V21,2,2,N00,AUTORIDADE
801511,SHOPS CIDADE JARDIM,N00800005,TOP CORTININHA,MENTA V21,0,3,N00,AUTORIDADE
801511,SHOPS CIDADE JARDIM,N00800005,TOP CORTININHA,MENTA V21,2,2,N00,AUTORIDADE
801511,SHOPS CIDADE JARDIM,N00800345,TOP CRUZADO,PRETO,0,3,N00,AUTORIDADE
801511,SHOPS CIDADE JARDIM,N00800345,TOP CRUZADO,PRETO,2,2,N00,AUTORIDADE
801511,SHOPS CIDADE JARDIM,N00800345,TOP CRUZADO,AZUL NOTURNO,0,3,N00,AUTORIDADE
801511,SHOPS CIDADE JARDIM,N00800345,TOP CRUZADO,AZUL NOTURNO,2,2,N00,AUTORIDADE
801511,SHOPS CIDADE JARDIM,N00800345,TOP CRUZADO,URUCUM V21,0,3,N00,AUTORIDADE
801511,SHOPS CIDADE JARDIM,N00800345,TOP CRUZADO,URUCUM V21,2,2,N00,AUTORIDADE
801511,SHOPS CIDADE JARDIM,N00800345,TOP CRUZADO,MENTA V21,0,3,N00,AUTORIDADE
801511,SHOPS CIDADE JARDIM,N00800345,TOP CRUZADO,MENTA V21,2,2,N00,AUTORIDADE
801511,SHOPS CIDADE JARDIM,N00810115,TANGA DRAPEADA,PRETO,0,3,N00,AUTORIDADE
801511,SHOPS CIDADE JARDIM,N00810115,TANGA DRAPEADA,PRETO,2,2,N00,AUTORIDADE
801511,SHOPS CIDADE JARDIM,N00810115,TANGA DRAPEADA,AZUL NOTURNO,0,3,N00,AUTORIDADE
801511,SHOPS CIDADE JARDIM,N00810115,TANGA DRAPEADA,AZUL NOTURNO,2,2,N00,AUTORIDADE
801511,SHOPS CIDADE JARDIM,N00810115,TANGA DRAPEADA,AZUL NOTURNO,3,2,N00,AUTORIDADE
801511,SHOPS CIDADE JARDIM,N00810115,TANGA DRAPEADA,URUCUM V21,0,1,N00,AUTORIDADE
801511,SHOPS CIDADE JARDIM,N00810115,TANGA DRAPEADA,URUCUM V21,2,2,N00,AUTORIDADE
801511,SHOPS CIDADE JARDIM,N00810115,TANGA DRAPEADA,MENTA V21,2,3,N00,AUTORIDADE
801511,SHOPS CIDADE JARDIM,N00810147,TANGA SAIA,PRETO,0,3,N00,AUTORIDADE
801511,SHOPS CIDADE JARDIM,N00810147,TANGA SAIA,PRETO,2,2,N00,AUTORIDADE
801511,SHOPS CIDADE JARDIM,N00810147,TANGA SAIA,URUCUM V21,0,3,N00,AUTORIDADE
801511,SHOPS CIDADE JARDIM,N00810147,TANGA SAIA,URUCUM V21,2,2,N00,AUTORIDADE
801511,SHOPS CIDADE JARDIM,N00820040,MAIO REGULAGEM,PRETO,0,3,N00,PREFERENCIAL
801511,SHOPS CIDADE JARDIM,N00820040,MAIO REGULAGEM,PRETO,2,2,N00,PREFERENCIAL
801511,SHOPS CIDADE JARDIM,N00820040,MAIO REGULAGEM,PRETO,3,2,N00,PREFERENCIAL
801511,SHOPS CIDADE JARDIM,N00820097,MAIO TIRAS,URUCUM V21,0,3,N00,PREFERENCIAL
801511,SHOPS CIDADE JARDIM,N00820097,MAIO TIRAS,URUCUM V21,2,2,N00,PREFERENCIAL
801511,SHOPS CIDADE JARDIM,N20000010,LUVA NEOPRENE,PRETO,M,3,N20,CONVENIENCIA
801511,SHOPS CIDADE JARDIM,N20000010,LUVA NEOPRENE,PRETO,G,3,N20,CONVENIENCIA
801511,SHOPS CIDADE JARDIM,N20020072,SHORTS M CURTO,PRETO,M,4,N20,AUTORIDADE
801511,SHOPS CIDADE JARDIM,N20020072,SHORTS M CURTO,PRETO,G,3,N20,AUTORIDADE
801511,SHOPS CIDADE JARDIM,N20020072,SHORTS M CURTO,PRETO,GG,2,N20,AUTORIDADE
801511,SHOPS CIDADE JARDIM,N20020072,SHORTS M CURTO,AZUL NOTURNO,P,1,N20,AUTORIDADE
801511,SHOPS CIDADE JARDIM,N20020072,SHORTS M CURTO,AZUL NOTURNO,M,2,N20,AUTORIDADE
801511,SHOPS CIDADE JARDIM,N20020072,SHORTS M CURTO,AZUL NOTURNO,G,2,N20,AUTORIDADE
801511,SHOPS CIDADE JARDIM,N20020072,SHORTS M CURTO,AZUL NOTURNO,GG,2,N20,AUTORIDADE
801511,SHOPS CIDADE JARDIM,N20020129,SHORTS F RUN LASER,PRETO,M,3,N20,PREFERENCIAL
801511,SHOPS CIDADE JARDIM,N20020129,SHORTS F RUN LASER,PRETO,G,2,N20,PREFERENCIAL
801511,SHOPS CIDADE JARDIM,N20020168,SHORTS M MEDIO BICOLOR,PRETO,M,5,N20,AUTORIDADE
801511,SHOPS CIDADE JARDIM,N20020168,SHORTS M MEDIO BICOLOR,AZUL NOTURNO,P,1,N20,AUTORIDADE
801511,SHOPS CIDADE JARDIM,N20020168,SHORTS M MEDIO BICOLOR,AZUL NOTURNO,M,3,N20,AUTORIDADE
801511,SHOPS CIDADE JARDIM,N20020168,SHORTS M MEDIO BICOLOR,AZUL NOTURNO,G,3,N20,AUTORIDADE
801511,SHOPS CIDADE JARDIM,N20020168,SHORTS M MEDIO BICOLOR,AZUL NOTURNO,GG,2,N20,AUTORIDADE
801511,SHOPS CIDADE JARDIM,N20020296,SHORTS F BERM STRETCH,PRETO,M,3,N20,PREFERENCIAL
801511,SHOPS CIDADE JARDIM,N20020296,SHORTS F BERM STRETCH,PRETO,G,2,N20,PREFERENCIAL
801511,SHOPS CIDADE JARDIM,N20020369,CALCAO M GYM JOGGING,MESCLA ESCURO,M,4,N20,PREFERENCIAL
801511,SHOPS CIDADE JARDIM,N20020369,CALCAO M GYM JOGGING,MESCLA ESCURO,G,3,N20,PREFERENCIAL
801511,SHOPS CIDADE JARDIM,N20020369,CALCAO M GYM JOGGING,MESCLA ESCURO,GG,2,N20,PREFERENCIAL
801511,SHOPS CIDADE JARDIM,N20020377,SHORTS M CURTO LASER,PRETO,P,2,N20,AUTORIDADE
801511,SHOPS CIDADE JARDIM,N20020377,SHORTS M CURTO LASER,PRETO,M,3,N20,AUTORIDADE
801511,SHOPS CIDADE JARDIM,N20020377,SHORTS M CURTO LASER,PRETO,G,3,N20,AUTORIDADE
801511,SHOPS CIDADE JARDIM,N20020377,SHORTS M CURTO LASER,PRETO,GG,2,N20,AUTORIDADE
801511,SHOPS CIDADE JARDIM,N20040082,CAM M MC ST PIMA,BRANCO,P,2,N20,AUTORIDADE
801511,SHOPS CIDADE JARDIM,N20040082,CAM M MC ST PIMA,BRANCO,M,2,N20,AUTORIDADE
801511,SHOPS CIDADE JARDIM,N20040082,CAM M MC ST PIMA,BRANCO,G,2,N20,AUTORIDADE
801511,SHOPS CIDADE JARDIM,N20040082,CAM M MC ST PIMA,BRANCO,GG,2,N20,AUTORIDADE
801511,SHOPS CIDADE JARDIM,N20040082,CAM M MC ST PIMA,PRETO,P,2,N20,AUTORIDADE
801511,SHOPS CIDADE JARDIM,N20040082,CAM M MC ST PIMA,PRETO,M,2,N20,AUTORIDADE
801511,SHOPS CIDADE JARDIM,N20040082,CAM M MC ST PIMA,PRETO,G,2,N20,AUTORIDADE
801511,SHOPS CIDADE JARDIM,N20040082,CAM M MC ST PIMA,PRETO,GG,2,N20,AUTORIDADE
801511,SHOPS CIDADE JARDIM,N20040123,CAM M ML UV,BRANCO,P,2,N20,PREFERENCIAL
801511,SHOPS CIDADE JARDIM,N20040123,CAM M ML UV,BRANCO,M,2,N20,PREFERENCIAL
801511,SHOPS CIDADE JARDIM,N20040123,CAM M ML UV,BRANCO,G,2,N20,PREFERENCIAL
801511,SHOPS CIDADE JARDIM,N20040123,CAM M ML UV,BRANCO,GG,2,N20,PREFERENCIAL
801511,SHOPS CIDADE JARDIM,N20040123,CAM M ML UV,AZUL NOTURNO,P,2,N20,PREFERENCIAL
801511,SHOPS CIDADE JARDIM,N20040123,CAM M ML UV,AZUL NOTURNO,M,2,N20,PREFERENCIAL
801511,SHOPS CIDADE JARDIM,N20040123,CAM M ML UV,AZUL NOTURNO,G,2,N20,PREFERENCIAL
801511,SHOPS CIDADE JARDIM,N20040123,CAM M ML UV,AZUL NOTURNO,GG,2,N20,PREFERENCIAL
801511,SHOPS CIDADE JARDIM,N20040123,CAM M ML UV,MANGUE V21,M,3,N20,PREFERENCIAL
801511,SHOPS CIDADE JARDIM,N20040123,CAM M ML UV,MANGUE V21,G,2,N20,PREFERENCIAL
801511,SHOPS CIDADE JARDIM,N20040123,CAM M ML UV,MANGUE V21,GG,2,N20,PREFERENCIAL
801511,SHOPS CIDADE JARDIM,N20040181,CAM F MC GOTA,BRANCO,P,3,N20,AUTORIDADE
801511,SHOPS CIDADE JARDIM,N20040181,CAM F MC GOTA,BRANCO,M,3,N20,AUTORIDADE
801511,SHOPS CIDADE JARDIM,N20040181,CAM F MC GOTA,BRANCO,G,3,N20,AUTORIDADE
801511,SHOPS CIDADE JARDIM,N20040181,CAM F MC GOTA,PRETO,P,3,N20,AUTORIDADE
801511,SHOPS CIDADE JARDIM,N20040181,CAM F MC GOTA,PRETO,M,3,N20,AUTORIDADE
801511,SHOPS CIDADE JARDIM,N20040181,CAM F MC GOTA,PRETO,G,3,N20,AUTORIDADE
801511,SHOPS CIDADE JARDIM,N20040181,CAM F MC GOTA,CHUMBO,P,2,N20,AUTORIDADE
801511,SHOPS CIDADE JARDIM,N20040181,CAM F MC GOTA,CHUMBO,M,2,N20,AUTORIDADE
801511,SHOPS CIDADE JARDIM,N20040181,CAM F MC GOTA,CHUMBO,G,2,N20,AUTORIDADE
801511,SHOPS CIDADE JARDIM,N20040273,CAM M MC PIMA,BRANCO,P,2,N20,AUTORIDADE
801511,SHOPS CIDADE JARDIM,N20040273,CAM M MC PIMA,BRANCO,M,2,N20,AUTORIDADE
801511,SHOPS CIDADE JARDIM,N20040273,CAM M MC PIMA,BRANCO,G,2,N20,AUTORIDADE
801511,SHOPS CIDADE JARDIM,N20040273,CAM M MC PIMA,BRANCO,GG,2,N20,AUTORIDADE
801511,SHOPS CIDADE JARDIM,N20040273,CAM M MC PIMA,PRETO,P,2,N20,AUTORIDADE
801511,SHOPS CIDADE JARDIM,N20040273,CAM M MC PIMA,PRETO,M,2,N20,AUTORIDADE
801511,SHOPS CIDADE JARDIM,N20040273,CAM M MC PIMA,PRETO,G,2,N20,AUTORIDADE
801511,SHOPS CIDADE JARDIM,N20040273,CAM M MC PIMA,PRETO,GG,2,N20,AUTORIDADE
801511,SHOPS CIDADE JARDIM,N20040273,CAM M MC PIMA,MESCLA CLARO,P,2,N20,AUTORIDADE
801511,SHOPS CIDADE JARDIM,N20040273,CAM M MC PIMA,MESCLA CLARO,M,2,N20,AUTORIDADE
801511,SHOPS CIDADE JARDIM,N20040273,CAM M MC PIMA,MESCLA CLARO,G,2,N20,AUTORIDADE
801511,SHOPS CIDADE JARDIM,N20040273,CAM M MC PIMA,MESCLA CLARO,GG,2,N20,AUTORIDADE
801511,SHOPS CIDADE JARDIM,N20040382,CAM F MC MESH,AREIA V21,P,2,N20,AUTORIDADE
801511,SHOPS CIDADE JARDIM,N20040382,CAM F MC MESH,AREIA V21,M,2,N20,AUTORIDADE
801511,SHOPS CIDADE JARDIM,N20040382,CAM F MC MESH,AREIA V21,G,2,N20,AUTORIDADE
801511,SHOPS CIDADE JARDIM,N20040382,CAM F MC MESH,MANGUE V21,P,2,N20,AUTORIDADE
801511,SHOPS CIDADE JARDIM,N20040382,CAM F MC MESH,MANGUE V21,M,2,N20,AUTORIDADE
801511,SHOPS CIDADE JARDIM,N20040382,CAM F MC MESH,MANGUE V21,G,1,N20,AUTORIDADE
801511,SHOPS CIDADE JARDIM,N20040760,CAM F ML E OVERLOQUE,LINHAS V21,P,2,N20,PREFERENCIAL
801511,SHOPS CIDADE JARDIM,N20040760,CAM F ML E OVERLOQUE,LINHAS V21,M,2,N20,PREFERENCIAL
801511,SHOPS CIDADE JARDIM,N20040760,CAM F ML E OVERLOQUE,LINHAS V21,G,1,N20,PREFERENCIAL
801511,SHOPS CIDADE JARDIM,N20040760,CAM F ML E OVERLOQUE,PONTILHISMO V21,P,2,N20,PREFERENCIAL
801511,SHOPS CIDADE JARDIM,N20040760,CAM F ML E OVERLOQUE,PONTILHISMO V21,M,2,N20,PREFERENCIAL
801511,SHOPS CIDADE JARDIM,N20040760,CAM F ML E OVERLOQUE,PONTILHISMO V21,G,2,N20,PREFERENCIAL
801511,SHOPS CIDADE JARDIM,N20060060,JAQUETA F WR,BURITI I20,P,3,N20,AUTORIDADE
801511,SHOPS CIDADE JARDIM,N20060060,JAQUETA F WR,BURITI I20,M,3,N20,AUTORIDADE
801511,SHOPS CIDADE JARDIM,N20060060,JAQUETA F WR,FERVEDOURO I20,P,3,N20,AUTORIDADE
801511,SHOPS CIDADE JARDIM,N20060060,JAQUETA F WR,FERVEDOURO I20,M,3,N20,AUTORIDADE
801511,SHOPS CIDADE JARDIM,N20060061,JAQUETA M WR,GRANITO,M,2,N20,PREFERENCIAL
801511,SHOPS CIDADE JARDIM,N20060061,JAQUETA M WR,GRANITO,G,2,N20,PREFERENCIAL
801511,SHOPS CIDADE JARDIM,N20060061,JAQUETA M WR,JALAPAO I20,M,4,N20,PREFERENCIAL
801511,SHOPS CIDADE JARDIM,N20060061,JAQUETA M WR,JALAPAO I20,G,4,N20,PREFERENCIAL
801511,SHOPS CIDADE JARDIM,N20070269,LEG F BASICA,PRETO,P,3,N20,AUTORIDADE
801511,SHOPS CIDADE JARDIM,N20070269,LEG F BASICA,PRETO,M,3,N20,AUTORIDADE
801511,SHOPS CIDADE JARDIM,N20070269,LEG F BASICA,PRETO,G,2,N20,AUTORIDADE
801511,SHOPS CIDADE JARDIM,N20070319,LEG F ZIPER,PRETO,P,3,N20,AUTORIDADE
801511,SHOPS CIDADE JARDIM,N20070319,LEG F ZIPER,PRETO,M,3,N20,AUTORIDADE
801511,SHOPS CIDADE JARDIM,N20070331,LEG F REC CIRE,PRETO,P,2,N20,AUTORIDADE
801511,SHOPS CIDADE JARDIM,N20070331,LEG F REC CIRE,PRETO,M,3,N20,AUTORIDADE
801511,SHOPS CIDADE JARDIM,N20070331,LEG F REC CIRE,PRETO,G,2,N20,AUTORIDADE
801511,SHOPS CIDADE JARDIM,N20070331,LEG F REC CIRE,AZUL NOTURNO,P,2,N20,AUTORIDADE
801511,SHOPS CIDADE JARDIM,N20070331,LEG F REC CIRE,AZUL NOTURNO,M,3,N20,AUTORIDADE
801511,SHOPS CIDADE JARDIM,N20070331,LEG F REC CIRE,AZUL NOTURNO,G,2,N20,AUTORIDADE
801511,SHOPS CIDADE JARDIM,N20070331,LEG F REC CIRE,CHUMBO,P,2,N20,AUTORIDADE
801511,SHOPS CIDADE JARDIM,N20070331,LEG F REC CIRE,CHUMBO,M,3,N20,AUTORIDADE
801511,SHOPS CIDADE JARDIM,N20070331,LEG F REC CIRE,CHUMBO,G,2,N20,AUTORIDADE
801511,SHOPS CIDADE JARDIM,N20070397,LEG F TEXTURA,PRETO,P,3,N20,AUTORIDADE
801511,SHOPS CIDADE JARDIM,N20070397,LEG F TEXTURA,PRETO,M,2,N20,AUTORIDADE
801511,SHOPS CIDADE JARDIM,N20070397,LEG F TEXTURA,PRETO,G,1,N20,AUTORIDADE
801511,SHOPS CIDADE JARDIM,N20070397,LEG F TEXTURA,AZUL NOTURNO,P,2,N20,AUTORIDADE
801511,SHOPS CIDADE JARDIM,N20070397,LEG F TEXTURA,AZUL NOTURNO,M,3,N20,AUTORIDADE
801511,SHOPS CIDADE JARDIM,N20070397,LEG F TEXTURA,AZUL NOTURNO,G,2,N20,AUTORIDADE
801511,SHOPS CIDADE JARDIM,N20070404,LEG F SKIN ADAPT,MESCLA MEDIO,P,3,N20,AUTORIDADE
801511,SHOPS CIDADE JARDIM,N20070404,LEG F SKIN ADAPT,MESCLA MEDIO,M,2,N20,AUTORIDADE
801511,SHOPS CIDADE JARDIM,N20070404,LEG F SKIN ADAPT,MESCLA MEDIO,G,2,N20,AUTORIDADE
801511,SHOPS CIDADE JARDIM,N20080091,BERM SLIM F SKIN ADAPT,MESCLA MEDIO,P,2,N20,PREFERENCIAL
801511,SHOPS CIDADE JARDIM,N20080091,BERM SLIM F SKIN ADAPT,MESCLA MEDIO,M,3,N20,PREFERENCIAL
801511,SHOPS CIDADE JARDIM,N20090263,TOP SKIN DUPLO,MESCLA MEDIO,M,3,N20,AUTORIDADE
801511,SHOPS CIDADE JARDIM,N20090352,TOP MESH,BRANCO,M,5,N20,AUTORIDADE
801511,SHOPS CIDADE JARDIM,N20090352,TOP MESH,BRANCO,G,2,N20,AUTORIDADE
801511,SHOPS CIDADE JARDIM,N20090352,TOP MESH,PRETO,P,2,N20,AUTORIDADE
801511,SHOPS CIDADE JARDIM,N20090352,TOP MESH,PRETO,M,2,N20,AUTORIDADE
801511,SHOPS CIDADE JARDIM,N20090352,TOP MESH,PRETO,G,2,N20,AUTORIDADE
801511,SHOPS CIDADE JARDIM,N20090352,TOP MESH,CEU V21,M,3,N20,AUTORIDADE
801511,SHOPS CIDADE JARDIM,N20090352,TOP MESH,CEU V21,G,2,N20,AUTORIDADE
801511,SHOPS CIDADE JARDIM,N20090352,TOP MESH,ROMA V21,P,2,N20,AUTORIDADE
801511,SHOPS CIDADE JARDIM,N20090352,TOP MESH,ROMA V21,M,3,N20,AUTORIDADE
801511,SHOPS CIDADE JARDIM,N20090352,TOP MESH,ROMA V21,G,2,N20,AUTORIDADE
801511,SHOPS CIDADE JARDIM,N20090352,TOP MESH,MANGUE V21,M,3,N20,AUTORIDADE
801511,SHOPS CIDADE JARDIM,N20090352,TOP MESH,MANGUE V21,G,2,N20,AUTORIDADE
801511,SHOPS CIDADE JARDIM,N20090355,TOP ELASTICO LOGO,PRETO,P,3,N20,AUTORIDADE
801511,SHOPS CIDADE JARDIM,N20090355,TOP ELASTICO LOGO,PRETO,M,3,N20,AUTORIDADE
801511,SHOPS CIDADE JARDIM,N20090355,TOP ELASTICO LOGO,PRETO,G,1,N20,AUTORIDADE
801511,SHOPS CIDADE JARDIM,N20130122,SUNGA L SILK,PRETO,1,2,N20,AUTORIDADE
801511,SHOPS CIDADE JARDIM,N20130122,SUNGA L SILK,PRETO,2,2,N20,AUTORIDADE
801511,SHOPS CIDADE JARDIM,N20130122,SUNGA L SILK,PRETO,3,2,N20,AUTORIDADE
801511,SHOPS CIDADE JARDIM,N20130122,SUNGA L SILK,PRETO,4,2,N20,AUTORIDADE
801511,SHOPS CIDADE JARDIM,N20130122,SUNGA L SILK,AZUL NOTURNO,1,1,N20,AUTORIDADE
801511,SHOPS CIDADE JARDIM,N20130122,SUNGA L SILK,NOITE,1,2,N20,AUTORIDADE
801511,SHOPS CIDADE JARDIM,N20130122,SUNGA L SILK,NOITE,2,2,N20,AUTORIDADE
801511,SHOPS CIDADE JARDIM,N20130122,SUNGA L SILK,NOITE,3,2,N20,AUTORIDADE
801511,SHOPS CIDADE JARDIM,N20130122,SUNGA L SILK,NOITE,4,2,N20,AUTORIDADE
801511,SHOPS CIDADE JARDIM,N20130154,SUNGA L REC,PRETO,1,2,N20,AUTORIDADE
801511,SHOPS CIDADE JARDIM,N20130154,SUNGA L REC,PRETO,2,2,N20,AUTORIDADE
801511,SHOPS CIDADE JARDIM,N20130154,SUNGA L REC,PRETO,3,2,N20,AUTORIDADE
801511,SHOPS CIDADE JARDIM,N20130154,SUNGA L REC,PRETO,4,2,N20,AUTORIDADE
801511,SHOPS CIDADE JARDIM,N20130154,SUNGA L REC,AZUL NOTURNO,1,2,N20,AUTORIDADE
801511,SHOPS CIDADE JARDIM,N20130154,SUNGA L REC,AZUL NOTURNO,2,2,N20,AUTORIDADE
801511,SHOPS CIDADE JARDIM,N20130154,SUNGA L REC,AZUL NOTURNO,3,2,N20,AUTORIDADE
801511,SHOPS CIDADE JARDIM,N20130154,SUNGA L REC,AZUL NOTURNO,4,2,N20,AUTORIDADE
801511,SHOPS CIDADE JARDIM,N20150062,CALCA F YOGA,MESCLA AZ NOT,M,4,N20,PREFERENCIAL
801511,SHOPS CIDADE JARDIM,N20150062,CALCA F YOGA,MESCLA AZ NOT,GG,2,N20,PREFERENCIAL
801511,SHOPS CIDADE JARDIM,N20170063,BLUSAO F PWR COOL,BRANCO,P,3,N20,AUTORIDADE
801511,SHOPS CIDADE JARDIM,N20170063,BLUSAO F PWR COOL,BRANCO,M,3,N20,AUTORIDADE
801511,SHOPS CIDADE JARDIM,N20170063,BLUSAO F PWR COOL,BRANCO,G,1,N20,AUTORIDADE
801511,SHOPS CIDADE JARDIM,N20170063,BLUSAO F PWR COOL,PRETO,P,2,N20,AUTORIDADE
801511,SHOPS CIDADE JARDIM,N20170063,BLUSAO F PWR COOL,PRETO,M,3,N20,AUTORIDADE
801511,SHOPS CIDADE JARDIM,N20170063,BLUSAO F PWR COOL,PRETO,G,1,N20,AUTORIDADE
801511,SHOPS CIDADE JARDIM,N20170063,BLUSAO F PWR COOL,AZUL NOTURNO,P,3,N20,AUTORIDADE
801511,SHOPS CIDADE JARDIM,N20170063,BLUSAO F PWR COOL,AZUL NOTURNO,M,2,N20,AUTORIDADE
801511,SHOPS CIDADE JARDIM,N20170063,BLUSAO F PWR COOL,AZUL NOTURNO,G,2,N20,AUTORIDADE
801511,SHOPS CIDADE JARDIM,N20170088,BLUSAO F YOGA,MESCLA AZ NOT,P,2,N20,AUTORIDADE
801511,SHOPS CIDADE JARDIM,N20170088,BLUSAO F YOGA,MESCLA AZ NOT,M,2,N20,AUTORIDADE
801511,SHOPS CIDADE JARDIM,N20170088,BLUSAO F YOGA,MESCLA AZ NOT,G,2,N20,AUTORIDADE
801511,SHOPS CIDADE JARDIM,N20170088,BLUSAO F YOGA,MESCLA AZ NOT,GG,1,N20,AUTORIDADE
801511,SHOPS CIDADE JARDIM,N20190010,BONE REFLETIVO BS,BRANCO,UNICO,8,N20,CONVENIENCIA
801511,SHOPS CIDADE JARDIM,N20190010,BONE REFLETIVO BS,PRETO,UNICO,8,N20,CONVENIENCIA
801511,SHOPS CIDADE JARDIM,N20190010,BONE REFLETIVO BS,AZUL NOTURNO,UNICO,8,N20,CONVENIENCIA
801511,SHOPS CIDADE JARDIM,N20200012,MOCHILA REFLETIVO T&F,PRETO,UNICO,4,N20,CONVENIENCIA
801511,SHOPS CIDADE JARDIM,N20210023,GARRAFA STEEL,DEGRADE ROSE,UNICO,10,N20,CONVENIENCIA
801511,SHOPS CIDADE JARDIM,N20210027,GARRAFA STEEL,PRETO,UNICO,10,N20,CONVENIENCIA
801511,SHOPS CIDADE JARDIM,N20210027,GARRAFA STEEL,RIO,UNICO,10,N20,CONVENIENCIA
801511,SHOPS CIDADE JARDIM,N20220011,MALA SPORTS T&F,PRETO,UNICO,5,N20,CONVENIENCIA
801511,SHOPS CIDADE JARDIM,N20230076,MEIA NO SHOW T&F,BRANCO,33/38,4,N20,CONVENIENCIA
801511,SHOPS CIDADE JARDIM,N20230076,MEIA NO SHOW T&F,BRANCO,39/44,4,N20,CONVENIENCIA
801511,SHOPS CIDADE JARDIM,N20230086,MEIA PERFORMER,BRANCO/CINZA MESCLA,33/38,4,N20,CONVENIENCIA
801511,SHOPS CIDADE JARDIM,N20230086,MEIA PERFORMER,PRETO/CINZA MESCLA,33/38,4,N20,CONVENIENCIA
801511,SHOPS CIDADE JARDIM,N20230097,MEIA INVISIBLE,BRANCO,33/36,3,N20,CONVENIENCIA
801511,SHOPS CIDADE JARDIM,N20230097,MEIA INVISIBLE,BRANCO,37/40,4,N20,CONVENIENCIA
801511,SHOPS CIDADE JARDIM,N20230097,MEIA INVISIBLE,BRANCO,41/44,3,N20,CONVENIENCIA
801511,SHOPS CIDADE JARDIM,N20230097,MEIA INVISIBLE,PRETO,33/36,4,N20,CONVENIENCIA
801511,SHOPS CIDADE JARDIM,N20230097,MEIA INVISIBLE,PRETO,37/40,4,N20,CONVENIENCIA
801511,SHOPS CIDADE JARDIM,N20230097,MEIA INVISIBLE,MESCLA CLARO,33/36,3,N20,CONVENIENCIA
801511,SHOPS CIDADE JARDIM,N20230097,MEIA INVISIBLE,MESCLA CLARO,37/40,4,N20,CONVENIENCIA
801511,SHOPS CIDADE JARDIM,N20230097,MEIA INVISIBLE,MESCLA CLARO,41/44,3,N20,CONVENIENCIA
801511,SHOPS CIDADE JARDIM,N20300008,VISEIRA TRANSLUCIDA T&F,PRETO,UNICO,10,N20,CONVENIENCIA
801511,SHOPS CIDADE JARDIM,N20300008,VISEIRA TRANSLUCIDA T&F,AZUL NOTURNO,UNICO,10,N20,CONVENIENCIA
801511,SHOPS CIDADE JARDIM,N20300023,VISEIRA MESH REGULAGEM,PRETO,UNICO,8,N20,CONVENIENCIA
801511,SHOPS CIDADE JARDIM,N20360011,PIRANHA PEQUENA,TARTARUGA,UNICO,10,N20,CONVENIENCIA
801511,SHOPS CIDADE JARDIM,N20360011,PIRANHA PEQUENA,ROSE/ PRETO,UNICO,10,N20,CONVENIENCIA
801511,SHOPS CIDADE JARDIM,N20360011,PIRANHA PEQUENA,OFF WHITE/ PRETO,UNICO,10,N20,CONVENIENCIA
801511,SHOPS CIDADE JARDIM,N20410015,ELASTICO TUBINHO,PRETO/MARROM/MESCLA,UNICO,16,N20,CONVENIENCIA
801511,SHOPS CIDADE JARDIM,N20440064,POCHETE NEOPRENE BOLSO,PRETO,UNICO,11,N20,CONVENIENCIA
801511,SHOPS CIDADE JARDIM,N20500002,CUECA BOXER PIMA,BRANCO,M,3,N20,CONVENIENCIA
801511,SHOPS CIDADE JARDIM,N20500002,CUECA BOXER PIMA,BRANCO,G,3,N20,CONVENIENCIA
801511,SHOPS CIDADE JARDIM,N20500002,CUECA BOXER PIMA,BRANCO,GG,3,N20,CONVENIENCIA
801511,SHOPS CIDADE JARDIM,N20500002,CUECA BOXER PIMA,PRETO,P,3,N20,CONVENIENCIA
801511,SHOPS CIDADE JARDIM,N20500002,CUECA BOXER PIMA,PRETO,M,3,N20,CONVENIENCIA
801511,SHOPS CIDADE JARDIM,N20500002,CUECA BOXER PIMA,PRETO,G,3,N20,CONVENIENCIA
801511,SHOPS CIDADE JARDIM,N20500002,CUECA BOXER PIMA,PRETO,GG,3,N20,CONVENIENCIA
801511,SHOPS CIDADE JARDIM,N20500012,CUECA BOXER COOLC,MESCLA CLARO,P,3,N20,CONVENIENCIA
801511,SHOPS CIDADE JARDIM,N20500012,CUECA BOXER COOLC,MESCLA CLARO,M,3,N20,CONVENIENCIA
801511,SHOPS CIDADE JARDIM,N20500012,CUECA BOXER COOLC,MESCLA CLARO,G,3,N20,CONVENIENCIA
801511,SHOPS CIDADE JARDIM,N20500012,CUECA BOXER COOLC,MESCLA CLARO,GG,3,N20,CONVENIENCIA
801511,SHOPS CIDADE JARDIM,N20520087,SAIA GODE,ROMA V21,P,2,N20,PREFERENCIAL
801511,SHOPS CIDADE JARDIM,N20520087,SAIA GODE,ROMA V21,M,3,N20,PREFERENCIAL
801511,SHOPS CIDADE JARDIM,N20520087,SAIA GODE,ROMA V21,G,2,N20,PREFERENCIAL
801511,SHOPS CIDADE JARDIM,N20520102,SAIA GODE,MESCLA MEDIO,P,2,N20,PREFERENCIAL
801511,SHOPS CIDADE JARDIM,N20520102,SAIA GODE,MESCLA MEDIO,M,2,N20,PREFERENCIAL
801511,SHOPS CIDADE JARDIM,N20520102,SAIA GODE,MESCLA MEDIO,G,2,N20,PREFERENCIAL
801511,SHOPS CIDADE JARDIM,N20520149,SAIA RETA,MESCLA MEDIO,P,2,N20,PREFERENCIAL
801511,SHOPS CIDADE JARDIM,N20520149,SAIA RETA,MESCLA MEDIO,M,2,N20,PREFERENCIAL
801511,SHOPS CIDADE JARDIM,N20560007,OCULOS NATACAO,BRANCO,UNICO,3,N20,CONVENIENCIA
801511,SHOPS CIDADE JARDIM,N20560007,OCULOS NATACAO,PRETO,UNICO,3,N20,CONVENIENCIA
801511,SHOPS CIDADE JARDIM,N20560008,OCULOS NATACAO KIDS,ROSA,UNICO,3,N20,CONVENIENCIA
801511,SHOPS CIDADE JARDIM,N20560008,OCULOS NATACAO KIDS,LAGO,UNICO,3,N20,CONVENIENCIA
801511,SHOPS CIDADE JARDIM,N20600002,REG F GOTA,PRETO,P,3,N20,AUTORIDADE
801511,SHOPS CIDADE JARDIM,N20600002,REG F GOTA,PRETO,M,3,N20,AUTORIDADE
801511,SHOPS CIDADE JARDIM,N20600002,REG F GOTA,PRETO,G,2,N20,AUTORIDADE
801511,SHOPS CIDADE JARDIM,N20600350,REG F TIRAS,BRANCO,P,3,N20,AUTORIDADE
801511,SHOPS CIDADE JARDIM,N20600350,REG F TIRAS,BRANCO,M,3,N20,AUTORIDADE
801511,SHOPS CIDADE JARDIM,N20600350,REG F TIRAS,BRANCO,G,2,N20,AUTORIDADE
801511,SHOPS CIDADE JARDIM,N20600350,REG F TIRAS,PRETO,P,2,N20,AUTORIDADE
801511,SHOPS CIDADE JARDIM,N20600350,REG F TIRAS,PRETO,M,2,N20,AUTORIDADE
801511,SHOPS CIDADE JARDIM,N20600350,REG F TIRAS,PRETO,G,2,N20,AUTORIDADE
801511,SHOPS CIDADE JARDIM,N20600350,REG F TIRAS,AZUL NOTURNO,P,3,N20,AUTORIDADE
801511,SHOPS CIDADE JARDIM,N20600350,REG F TIRAS,AZUL NOTURNO,M,3,N20,AUTORIDADE
801511,SHOPS CIDADE JARDIM,N20600350,REG F TIRAS,AZUL NOTURNO,G,2,N20,AUTORIDADE
801511,SHOPS CIDADE JARDIM,N20600350,REG F TIRAS,AREIA V21,P,3,N20,AUTORIDADE
801511,SHOPS CIDADE JARDIM,N20600350,REG F TIRAS,AREIA V21,M,3,N20,AUTORIDADE
801511,SHOPS CIDADE JARDIM,N20600350,REG F TIRAS,AREIA V21,G,1,N20,AUTORIDADE
801511,SHOPS CIDADE JARDIM,N20600350,REG F TIRAS,MANGUE V21,P,3,N20,AUTORIDADE
801511,SHOPS CIDADE JARDIM,N20600350,REG F TIRAS,MANGUE V21,M,3,N20,AUTORIDADE
801511,SHOPS CIDADE JARDIM,N20600350,REG F TIRAS,MANGUE V21,G,2,N20,AUTORIDADE
801511,SHOPS CIDADE JARDIM,N21030121,BERMUDA M JOGGING,MESCLA ESCURO,M,2,N21,PREFERENCIAL
801511,SHOPS CIDADE JARDIM,N21030121,BERMUDA M JOGGING,MESCLA ESCURO,G,2,N21,PREFERENCIAL
801511,SHOPS CIDADE JARDIM,N21030121,BERMUDA M JOGGING,MESCLA AZ NOT,M,4,N21,PREFERENCIAL
801511,SHOPS CIDADE JARDIM,N21030121,BERMUDA M JOGGING,MESCLA AZ NOT,G,4,N21,PREFERENCIAL
801511,SHOPS CIDADE JARDIM,N21030121,BERMUDA M JOGGING,MESCLA AZ NOT,GG,2,N21,PREFERENCIAL
801511,SHOPS CIDADE JARDIM,N21070013,LEG F SKIN,PRETO,P,3,N21,AUTORIDADE
801511,SHOPS CIDADE JARDIM,N21070013,LEG F SKIN,PRETO,M,3,N21,AUTORIDADE
801511,SHOPS CIDADE JARDIM,N21090012,TOP SKIN DUPLO,PRETO,P,2,N21,AUTORIDADE
801511,SHOPS CIDADE JARDIM,N21090012,TOP SKIN DUPLO,PRETO,M,3,N21,AUTORIDADE
801511,SHOPS CIDADE JARDIM,N21090012,TOP SKIN DUPLO,PRETO,G,2,N21,AUTORIDADE
801511,SHOPS CIDADE JARDIM,N21800331,TOP FRU FRU,CONCHAS V21,0,3,N21,AUTORIDADE
801511,SHOPS CIDADE JARDIM,N21800331,TOP FRU FRU,CONCHAS V21,2,2,N21,AUTORIDADE
801511,SHOPS CIDADE JARDIM,N21800331,TOP FRU FRU,CONCHAS V21,3,2,N21,AUTORIDADE
801511,SHOPS CIDADE JARDIM,N21800336,TOP FRU FRU,ILHAS V21,0,3,N21,AUTORIDADE
801511,SHOPS CIDADE JARDIM,N21800336,TOP FRU FRU,ILHAS V21,2,2,N21,AUTORIDADE
801511,SHOPS CIDADE JARDIM,N21800336,TOP FRU FRU,ILHAS V21,3,2,N21,AUTORIDADE
801511,SHOPS CIDADE JARDIM,N21800340,TOP CORTININHA,JEANS V21,0,3,N21,AUTORIDADE
801511,SHOPS CIDADE JARDIM,N21800340,TOP CORTININHA,JEANS V21,2,2,N21,AUTORIDADE
801511,SHOPS CIDADE JARDIM,N21800340,TOP CORTININHA,JEANS V21,3,2,N21,AUTORIDADE
801511,SHOPS CIDADE JARDIM,N21800346,TOP CORTININHA,COQUEIRO V21,0,1,N21,AUTORIDADE
801511,SHOPS CIDADE JARDIM,N21800352,TOP CORTININHA,TIE DYE V21,1,1,N21,AUTORIDADE
801511,SHOPS CIDADE JARDIM,N21800352,TOP CORTININHA,TIE DYE V21,2,2,N21,AUTORIDADE
801511,SHOPS CIDADE JARDIM,N21810329,TANGA FRU FRU BASIC,CONCHAS V21,0,3,N21,AUTORIDADE
801511,SHOPS CIDADE JARDIM,N21810329,TANGA FRU FRU BASIC,CONCHAS V21,2,2,N21,AUTORIDADE
801511,SHOPS CIDADE JARDIM,N21810329,TANGA FRU FRU BASIC,CONCHAS V21,3,2,N21,AUTORIDADE
801511,SHOPS CIDADE JARDIM,N21810330,TANGA FRANZIDA,CONCHAS V21,0,3,N21,AUTORIDADE
801511,SHOPS CIDADE JARDIM,N21810330,TANGA FRANZIDA,CONCHAS V21,2,2,N21,AUTORIDADE
801511,SHOPS CIDADE JARDIM,N21810330,TANGA FRANZIDA,CONCHAS V21,3,2,N21,AUTORIDADE
801511,SHOPS CIDADE JARDIM,N21810331,TANGA DRAPEADA,CONCHAS V21,0,3,N21,AUTORIDADE
801511,SHOPS CIDADE JARDIM,N21810331,TANGA DRAPEADA,CONCHAS V21,2,2,N21,AUTORIDADE
801511,SHOPS CIDADE JARDIM,N21810331,TANGA DRAPEADA,CONCHAS V21,3,2,N21,AUTORIDADE
801511,SHOPS CIDADE JARDIM,N21810335,TANGA FRU FRU BASIC,AGUA V21,0,3,N21,AUTORIDADE
801511,SHOPS CIDADE JARDIM,N21810335,TANGA FRU FRU BASIC,AGUA V21,2,2,N21,AUTORIDADE
801511,SHOPS CIDADE JARDIM,N21810335,TANGA FRU FRU BASIC,AGUA V21,3,2,N21,AUTORIDADE
801511,SHOPS CIDADE JARDIM,N21810336,TANGA DRAPEADA,ILHAS V21,0,3,N21,AUTORIDADE
801511,SHOPS CIDADE JARDIM,N21810336,TANGA DRAPEADA,ILHAS V21,2,2,N21,AUTORIDADE
801511,SHOPS CIDADE JARDIM,N21810343,TANGA FRANZIDA,COQUEIRO V21,0,3,N21,AUTORIDADE
801511,SHOPS CIDADE JARDIM,N21810343,TANGA FRANZIDA,COQUEIRO V21,2,2,N21,AUTORIDADE
801511,SHOPS CIDADE JARDIM,N21810344,TANGA DRAPEADA,TIE DYE V21,1,1,N21,AUTORIDADE
801511,SHOPS CIDADE JARDIM,N21810344,TANGA DRAPEADA,TIE DYE V21,2,2,N21,AUTORIDADE
801511,SHOPS CIDADE JARDIM,N21820144,MAIO CANOA,CONCHAS V21,0,3,N21,PREFERENCIAL
801511,SHOPS CIDADE JARDIM,N21820144,MAIO CANOA,CONCHAS V21,2,2,N21,PREFERENCIAL
801511,SHOPS CIDADE JARDIM,N21820144,MAIO CANOA,CONCHAS V21,3,2,N21,PREFERENCIAL
801511,SHOPS CIDADE JARDIM,N21820145,MAIO REGULAGEM,JEANS V21,0,3,N21,AUTORIDADE
801511,SHOPS CIDADE JARDIM,N21820145,MAIO REGULAGEM,JEANS V21,2,2,N21,AUTORIDADE
801511,SHOPS CIDADE JARDIM,N21820145,MAIO REGULAGEM,JEANS V21,3,2,N21,AUTORIDADE
801511,SHOPS CIDADE JARDIM,N21820146,MAIO REGULAGEM,COQUEIRO V21,0,3,N21,AUTORIDADE
801511,SHOPS CIDADE JARDIM,N21820146,MAIO REGULAGEM,COQUEIRO V21,2,2,N21,AUTORIDADE
801511,SHOPS CIDADE JARDIM,N21820149,MAIO CANOA,TIE DYE V21,0,3,N21,PREFERENCIAL
801511,SHOPS CIDADE JARDIM,N21820149,MAIO CANOA,TIE DYE V21,2,2,N21,PREFERENCIAL
801511,SHOPS CIDADE JARDIM,N21860181,VESTIDO CARDIGAN,PRETO,2,1,N21,PREFERENCIAL
801511,SHOPS CIDADE JARDIM,N21860181,VESTIDO CARDIGAN,OFF WHITE,2,1,N21,PREFERENCIAL
801511,SHOPS CIDADE JARDIM,N21960088,CAM M MC COOLC ONDAS,AZUL NOTURNO,M,3,N21,AUTORIDADE
801511,SHOPS CIDADE JARDIM,N21960088,CAM M MC COOLC ONDAS,AZUL NOTURNO,G,2,N21,AUTORIDADE
801511,SHOPS CIDADE JARDIM,NU20040042,CAM M TH MC,PRETO,P,2,NU2,UNIFORME
801511,SHOPS CIDADE JARDIM,NU20040042,CAM M TH MC,PRETO,M,4,NU2,UNIFORME
801511,SHOPS CIDADE JARDIM,NU20040181,CAM F MC GOTA,PRETO,G,2,NU2,UNIFORME
801511,SHOPS CIDADE JARDIM,NU20040330,CAM F TH MC,PRETO,M,4,NU2,UNIFORME
801511,SHOPS CIDADE JARDIM,NU20090351,TOP PWR BOJO BS,PRETO,M,2,NU2,UNIFORME
801511,SHOPS CIDADE JARDIM,NU20150138,CALCA M UTMX BS,PRETO,P,1,NU2,UNIFORME
801511,SHOPS CIDADE JARDIM,NU20150138,CALCA M UTMX BS,PRETO,M,2,NU2,UNIFORME
801511,SHOPS CIDADE JARDIM,NU20520017,SAIA PWR LHT FX BS,PRETO,UNICO,2,NU2,UNIFORME
801511,SHOPS CIDADE JARDIM,O20020001,SHORTS M SPORTS BASIC,MANGUE V21,P,1,O20,AUTORIDADE
801511,SHOPS CIDADE JARDIM,O20020001,SHORTS M SPORTS BASIC,MANGUE V21,M,2,O20,AUTORIDADE
801511,SHOPS CIDADE JARDIM,O20020001,SHORTS M SPORTS BASIC,MANGUE V21,G,2,O20,AUTORIDADE
801511,SHOPS CIDADE JARDIM,O20020001,SHORTS M SPORTS BASIC,MANGUE V21,GG,1,O20,AUTORIDADE
801511,SHOPS CIDADE JARDIM,O20070002,LEG F PWR,AZUL NOTURNO,P,2,O20,AUTORIDADE
801511,SHOPS CIDADE JARDIM,O20070002,LEG F PWR,AZUL NOTURNO,M,2,O20,AUTORIDADE
801511,SHOPS CIDADE JARDIM,O20070002,LEG F PWR,AZUL NOTURNO,G,2,O20,AUTORIDADE
801511,SHOPS CIDADE JARDIM,O20600001,REG F EVASE,BRANCO,P,3,O20,AUTORIDADE
801511,SHOPS CIDADE JARDIM,O20600001,REG F EVASE,BRANCO,M,3,O20,AUTORIDADE
801511,SHOPS CIDADE JARDIM,O20600001,REG F EVASE,BRANCO,G,2,O20,AUTORIDADE
801511,SHOPS CIDADE JARDIM,O20600001,REG F EVASE,PRETO,P,2,O20,AUTORIDADE
801511,SHOPS CIDADE JARDIM,O20600001,REG F EVASE,PRETO,M,2,O20,AUTORIDADE
801511,SHOPS CIDADE JARDIM,O20600001,REG F EVASE,PRETO,G,2,O20,AUTORIDADE
801511,SHOPS CIDADE JARDIM,P19070463,LEG RDTCH REC BS,AZUL NOTURNO,M,3,P19,LINHA PERMANENTE
801511,SHOPS CIDADE JARDIM,P19070463,LEG RDTCH REC BS,AZUL NOTURNO,G,2,P19,LINHA PERMANENTE
801511,SHOPS CIDADE JARDIM,P19070512,LEG LYC REC BS,PRETO,P,3,P19,LINHA PERMANENTE
801511,SHOPS CIDADE JARDIM,P19070512,LEG LYC REC BS,PRETO,M,3,P19,LINHA PERMANENTE
801511,SHOPS CIDADE JARDIM,P20070319,LEG RDTCH ZIP BS,PRETO,P,3,P20,LINHA PERMANENTE
801511,SHOPS CIDADE JARDIM,P20070319,LEG RDTCH ZIP BS,PRETO,M,3,P20,LINHA PERMANENTE
801511,SHOPS CIDADE JARDIM,P20070319,LEG RDTCH ZIP BS,PRETO,G,2,P20,LINHA PERMANENTE
801511,SHOPS CIDADE JARDIM,P20070454,LEG F LOGO BS,PRETO,P,3,P20,LINHA PERMANENTE
801511,SHOPS CIDADE JARDIM,P20070454,LEG F LOGO BS,PRETO,M,3,P20,LINHA PERMANENTE
801511,SHOPS CIDADE JARDIM,TFA980010,MASCARA SEAMLESS,PRETO,P,11,TFA,CONVENIENCIA
801511,SHOPS CIDADE JARDIM,TFA980010,MASCARA SEAMLESS,PRETO,M,10,TFA,CONVENIENCIA
801511,SHOPS CIDADE JARDIM,V21020300,SHORTS M LONGO TRIC,AZUL NOTURNO,P,2,V21,AUTORIDADE
801511,SHOPS CIDADE JARDIM,V21020300,SHORTS M LONGO TRIC,AZUL NOTURNO,M,2,V21,AUTORIDADE
801511,SHOPS CIDADE JARDIM,V21020300,SHORTS M LONGO TRIC,AZUL NOTURNO,G,2,V21,AUTORIDADE
801511,SHOPS CIDADE JARDIM,V21020300,SHORTS M LONGO TRIC,AZUL NOTURNO,GG,2,V21,AUTORIDADE
801511,SHOPS CIDADE JARDIM,V21020301,SHORTS F BERM MESH,PRETO,P,2,V21,PREFERENCIAL
801511,SHOPS CIDADE JARDIM,V21020301,SHORTS F BERM MESH,PRETO,M,3,V21,PREFERENCIAL
801511,SHOPS CIDADE JARDIM,V21020301,SHORTS F BERM MESH,PRETO,G,2,V21,PREFERENCIAL
801511,SHOPS CIDADE JARDIM,V21020319,SHORTS F LOGO,MESCLA CEU V21,P,1,V21,PREFERENCIAL
801511,SHOPS CIDADE JARDIM,V21020396,SHORTS F ZIG,ZIG V21,P,4,V21,PREFERENCIAL
801511,SHOPS CIDADE JARDIM,V21020396,SHORTS F ZIG,ZIG V21,M,6,V21,PREFERENCIAL
801511,SHOPS CIDADE JARDIM,V21020396,SHORTS F ZIG,ZIG V21,G,4,V21,PREFERENCIAL
801511,SHOPS CIDADE JARDIM,V21020400,SHORTS F CANOA,AZUL NOTURNO,P,3,V21,AUTORIDADE
801511,SHOPS CIDADE JARDIM,V21020400,SHORTS F CANOA,AZUL NOTURNO,M,6,V21,AUTORIDADE
801511,SHOPS CIDADE JARDIM,V21020400,SHORTS F CANOA,AZUL NOTURNO,G,3,V21,AUTORIDADE
801511,SHOPS CIDADE JARDIM,V21020411,SHORTS M MEDIO IMPACTO,GRANITO,P,2,V21,AUTORIDADE
801511,SHOPS CIDADE JARDIM,V21020411,SHORTS M MEDIO IMPACTO,GRANITO,M,3,V21,AUTORIDADE
801511,SHOPS CIDADE JARDIM,V21020411,SHORTS M MEDIO IMPACTO,GRANITO,G,3,V21,AUTORIDADE
801511,SHOPS CIDADE JARDIM,V21020411,SHORTS M MEDIO IMPACTO,GRANITO,GG,2,V21,AUTORIDADE
801511,SHOPS CIDADE JARDIM,V21040332,CAM F MC TH U,BRANCO,P,2,V21,AUTORIDADE
801511,SHOPS CIDADE JARDIM,V21040332,CAM F MC TH U,BRANCO,M,2,V21,AUTORIDADE
801511,SHOPS CIDADE JARDIM,V21040332,CAM F MC TH U,BRANCO,G,2,V21,AUTORIDADE
801511,SHOPS CIDADE JARDIM,V21040516,CAM M MC OUTLAST,BRANCO,M,2,V21,AUTORIDADE
801511,SHOPS CIDADE JARDIM,V21040516,CAM M MC OUTLAST,BRANCO,G,2,V21,AUTORIDADE
801511,SHOPS CIDADE JARDIM,V21040516,CAM M MC OUTLAST,PRETO,P,2,V21,AUTORIDADE
801511,SHOPS CIDADE JARDIM,V21040516,CAM M MC OUTLAST,PRETO,M,2,V21,AUTORIDADE
801511,SHOPS CIDADE JARDIM,V21040516,CAM M MC OUTLAST,PRETO,G,2,V21,AUTORIDADE
801511,SHOPS CIDADE JARDIM,V21040516,CAM M MC OUTLAST,PRETO,GG,2,V21,AUTORIDADE
801511,SHOPS CIDADE JARDIM,V21040516,CAM M MC OUTLAST,AZUL NOTURNO,P,2,V21,AUTORIDADE
801511,SHOPS CIDADE JARDIM,V21040516,CAM M MC OUTLAST,AZUL NOTURNO,M,2,V21,AUTORIDADE
801511,SHOPS CIDADE JARDIM,V21040516,CAM M MC OUTLAST,AZUL NOTURNO,G,2,V21,AUTORIDADE
801511,SHOPS CIDADE JARDIM,V21040516,CAM M MC OUTLAST,AZUL NOTURNO,GG,2,V21,AUTORIDADE
801511,SHOPS CIDADE JARDIM,V21040523,CAM F MC OUTLAST,TROPICAL V21,P,2,V21,AUTORIDADE
801511,SHOPS CIDADE JARDIM,V21040523,CAM F MC OUTLAST,TROPICAL V21,M,2,V21,AUTORIDADE
801511,SHOPS CIDADE JARDIM,V21040523,CAM F MC OUTLAST,TROPICAL V21,G,2,V21,AUTORIDADE
801511,SHOPS CIDADE JARDIM,V21040558,CAM M ML OUTLAST,NOITE,P,2,V21,PREFERENCIAL
801511,SHOPS CIDADE JARDIM,V21040558,CAM M ML OUTLAST,NOITE,M,2,V21,PREFERENCIAL
801511,SHOPS CIDADE JARDIM,V21040558,CAM M ML OUTLAST,NOITE,G,2,V21,PREFERENCIAL
801511,SHOPS CIDADE JARDIM,V21040558,CAM M ML OUTLAST,NOITE,GG,2,V21,PREFERENCIAL
801511,SHOPS CIDADE JARDIM,V21040598,CAM M MC TRICOLOR,AZUL NOTURNO,P,2,V21,AUTORIDADE
801511,SHOPS CIDADE JARDIM,V21040598,CAM M MC TRICOLOR,AZUL NOTURNO,M,3,V21,AUTORIDADE
801511,SHOPS CIDADE JARDIM,V21040598,CAM M MC TRICOLOR,AZUL NOTURNO,G,3,V21,AUTORIDADE
801511,SHOPS CIDADE JARDIM,V21040598,CAM M MC TRICOLOR,AZUL NOTURNO,GG,2,V21,AUTORIDADE
801511,SHOPS CIDADE JARDIM,V21040600,CAM F MC TELA,NOITE,P,2,V21,AUTORIDADE
801511,SHOPS CIDADE JARDIM,V21040600,CAM F MC TELA,NOITE,M,2,V21,AUTORIDADE
801511,SHOPS CIDADE JARDIM,V21040600,CAM F MC TELA,NOITE,G,2,V21,AUTORIDADE
801511,SHOPS CIDADE JARDIM,V21040602,CAM M MC MESH,MESCLA NOITE V21,P,2,V21,AUTORIDADE
801511,SHOPS CIDADE JARDIM,V21040602,CAM M MC MESH,MESCLA NOITE V21,M,3,V21,AUTORIDADE
801511,SHOPS CIDADE JARDIM,V21040602,CAM M MC MESH,MESCLA NOITE V21,G,3,V21,AUTORIDADE
801511,SHOPS CIDADE JARDIM,V21040602,CAM M MC MESH,MESCLA NOITE V21,GG,2,V21,AUTORIDADE
801511,SHOPS CIDADE JARDIM,V21040657,CAM F MC V TEXTURA,MANGUE V21,P,2,V21,AUTORIDADE
801511,SHOPS CIDADE JARDIM,V21040657,CAM F MC V TEXTURA,MANGUE V21,M,2,V21,AUTORIDADE
801511,SHOPS CIDADE JARDIM,V21040657,CAM F MC V TEXTURA,MANGUE V21,G,2,V21,AUTORIDADE
801511,SHOPS CIDADE JARDIM,V21040764,CAM F MC EVASE,NOITE,P,2,V21,AUTORIDADE
801511,SHOPS CIDADE JARDIM,V21040764,CAM F MC EVASE,NOITE,M,2,V21,AUTORIDADE
801511,SHOPS CIDADE JARDIM,V21040764,CAM F MC EVASE,NOITE,G,2,V21,AUTORIDADE
801511,SHOPS CIDADE JARDIM,V21040764,CAM F MC EVASE,AREIA V21,P,2,V21,AUTORIDADE
801511,SHOPS CIDADE JARDIM,V21040764,CAM F MC EVASE,AREIA V21,M,2,V21,AUTORIDADE
801511,SHOPS CIDADE JARDIM,V21040764,CAM F MC EVASE,AREIA V21,G,2,V21,AUTORIDADE
801511,SHOPS CIDADE JARDIM,V21040765,CAM F ML TH DEDEIRA,PRETO,P,2,V21,PREFERENCIAL
801511,SHOPS CIDADE JARDIM,V21040765,CAM F ML TH DEDEIRA,PRETO,M,2,V21,PREFERENCIAL
801511,SHOPS CIDADE JARDIM,V21040765,CAM F ML TH DEDEIRA,PRETO,G,2,V21,PREFERENCIAL
801511,SHOPS CIDADE JARDIM,V21040765,CAM F ML TH DEDEIRA,ROMA V21,PP,2,V21,PREFERENCIAL
801511,SHOPS CIDADE JARDIM,V21040765,CAM F ML TH DEDEIRA,ROMA V21,P,2,V21,PREFERENCIAL
801511,SHOPS CIDADE JARDIM,V21040765,CAM F ML TH DEDEIRA,ROMA V21,M,2,V21,PREFERENCIAL
801511,SHOPS CIDADE JARDIM,V21040765,CAM F ML TH DEDEIRA,ROMA V21,G,2,V21,PREFERENCIAL
801511,SHOPS CIDADE JARDIM,V21040783,CAM F MC DUPLA FACE,MANGUE V21,P,5,V21,AUTORIDADE
801511,SHOPS CIDADE JARDIM,V21040783,CAM F MC DUPLA FACE,MANGUE V21,M,6,V21,AUTORIDADE
801511,SHOPS CIDADE JARDIM,V21040783,CAM F MC DUPLA FACE,MANGUE V21,G,5,V21,AUTORIDADE
801511,SHOPS CIDADE JARDIM,V21040791,CAM F MC LOGO,PRETO,P,5,V21,AUTORIDADE
801511,SHOPS CIDADE JARDIM,V21040791,CAM F MC LOGO,PRETO,M,6,V21,AUTORIDADE
801511,SHOPS CIDADE JARDIM,V21040791,CAM F MC LOGO,PRETO,G,5,V21,AUTORIDADE
801511,SHOPS CIDADE JARDIM,V21040804,CAM M MC BICOLOR,PRETO,P,2,V21,AUTORIDADE
801511,SHOPS CIDADE JARDIM,V21040804,CAM M MC BICOLOR,PRETO,M,3,V21,AUTORIDADE
801511,SHOPS CIDADE JARDIM,V21040804,CAM M MC BICOLOR,PRETO,G,3,V21,AUTORIDADE
801511,SHOPS CIDADE JARDIM,V21040804,CAM M MC BICOLOR,PRETO,GG,2,V21,AUTORIDADE
801511,SHOPS CIDADE JARDIM,V21040806,CAM M MC SLIM,MESCLA NOITE V21,P,2,V21,AUTORIDADE
801511,SHOPS CIDADE JARDIM,V21040806,CAM M MC SLIM,MESCLA NOITE V21,M,3,V21,AUTORIDADE
801511,SHOPS CIDADE JARDIM,V21040806,CAM M MC SLIM,MESCLA NOITE V21,G,3,V21,AUTORIDADE
801511,SHOPS CIDADE JARDIM,V21040806,CAM M MC SLIM,MESCLA NOITE V21,GG,2,V21,AUTORIDADE
801511,SHOPS CIDADE JARDIM,V21040807,CAM M ML SLIM,MESCLA ESCURO,P,2,V21,AUTORIDADE
801511,SHOPS CIDADE JARDIM,V21040807,CAM M ML SLIM,MESCLA ESCURO,M,2,V21,AUTORIDADE
801511,SHOPS CIDADE JARDIM,V21040807,CAM M ML SLIM,MESCLA ESCURO,G,2,V21,AUTORIDADE
801511,SHOPS CIDADE JARDIM,V21040807,CAM M ML SLIM,MESCLA ESCURO,GG,2,V21,AUTORIDADE
801511,SHOPS CIDADE JARDIM,V21040811,CAM M MC IMPACTO,PRETO,P,2,V21,AUTORIDADE
801511,SHOPS CIDADE JARDIM,V21040811,CAM M MC IMPACTO,PRETO,M,3,V21,AUTORIDADE
801511,SHOPS CIDADE JARDIM,V21040811,CAM M MC IMPACTO,PRETO,G,3,V21,AUTORIDADE
801511,SHOPS CIDADE JARDIM,V21040811,CAM M MC IMPACTO,PRETO,GG,2,V21,AUTORIDADE
801511,SHOPS CIDADE JARDIM,V21040817,CAM F MC TRANSPASSE,PRETO,P,2,V21,AUTORIDADE
801511,SHOPS CIDADE JARDIM,V21040817,CAM F MC TRANSPASSE,PRETO,M,2,V21,AUTORIDADE
801511,SHOPS CIDADE JARDIM,V21040817,CAM F MC TRANSPASSE,PRETO,G,2,V21,AUTORIDADE
801511,SHOPS CIDADE JARDIM,V21040817,CAM F MC TRANSPASSE,TROPICAL V21,P,2,V21,AUTORIDADE
801511,SHOPS CIDADE JARDIM,V21040817,CAM F MC TRANSPASSE,TROPICAL V21,M,2,V21,AUTORIDADE
801511,SHOPS CIDADE JARDIM,V21040817,CAM F MC TRANSPASSE,TROPICAL V21,G,2,V21,AUTORIDADE
801511,SHOPS CIDADE JARDIM,V21040818,CAM M MC COOLC PREMIUM,NOITE,P,2,V21,AUTORIDADE
801511,SHOPS CIDADE JARDIM,V21040818,CAM M MC COOLC PREMIUM,NOITE,M,3,V21,AUTORIDADE
801511,SHOPS CIDADE JARDIM,V21040818,CAM M MC COOLC PREMIUM,NOITE,G,3,V21,AUTORIDADE
801511,SHOPS CIDADE JARDIM,V21040818,CAM M MC COOLC PREMIUM,NOITE,GG,2,V21,AUTORIDADE
801511,SHOPS CIDADE JARDIM,V21040819,CAM F MC COOLC PREMIUM,PRETO,P,2,V21,AUTORIDADE
801511,SHOPS CIDADE JARDIM,V21040819,CAM F MC COOLC PREMIUM,PRETO,M,2,V21,AUTORIDADE
801511,SHOPS CIDADE JARDIM,V21040819,CAM F MC COOLC PREMIUM,PRETO,G,2,V21,AUTORIDADE
801511,SHOPS CIDADE JARDIM,V21040819,CAM F MC COOLC PREMIUM,MANGUE V21,P,2,V21,AUTORIDADE
801511,SHOPS CIDADE JARDIM,V21040819,CAM F MC COOLC PREMIUM,MANGUE V21,M,2,V21,AUTORIDADE
801511,SHOPS CIDADE JARDIM,V21040819,CAM F MC COOLC PREMIUM,MANGUE V21,G,2,V21,AUTORIDADE
801511,SHOPS CIDADE JARDIM,V21040830,CAM F BIKE,GRAFISMO V21,P,1,V21,AUTORIDADE
801511,SHOPS CIDADE JARDIM,V21040830,CAM F BIKE,GRAFISMO V21,M,3,V21,AUTORIDADE
801511,SHOPS CIDADE JARDIM,V21040830,CAM F BIKE,GRAFISMO V21,G,1,V21,AUTORIDADE
801511,SHOPS CIDADE JARDIM,V21040831,CAM M BIKE,FREQUENCIA V21,P,2,V21,AUTORIDADE
801511,SHOPS CIDADE JARDIM,V21040831,CAM M BIKE,FREQUENCIA V21,M,3,V21,AUTORIDADE
801511,SHOPS CIDADE JARDIM,V21040831,CAM M BIKE,FREQUENCIA V21,G,3,V21,AUTORIDADE
801511,SHOPS CIDADE JARDIM,V21040831,CAM M BIKE,FREQUENCIA V21,GG,2,V21,AUTORIDADE
801511,SHOPS CIDADE JARDIM,V21040834,CAM F MC ANTIVIRAL,BRANCO,P,2,V21,PREFERENCIAL
801511,SHOPS CIDADE JARDIM,V21040834,CAM F MC ANTIVIRAL,BRANCO,M,3,V21,PREFERENCIAL
801511,SHOPS CIDADE JARDIM,V21040834,CAM F MC ANTIVIRAL,BRANCO,G,2,V21,PREFERENCIAL
801511,SHOPS CIDADE JARDIM,V21040834,CAM F MC ANTIVIRAL,BRANCO,GG,2,V21,PREFERENCIAL
801511,SHOPS CIDADE JARDIM,V21040835,CAM F ML ANTIVIRAL,BRANCO,P,2,V21,PREFERENCIAL
801511,SHOPS CIDADE JARDIM,V21040835,CAM F ML ANTIVIRAL,BRANCO,M,3,V21,PREFERENCIAL
801511,SHOPS CIDADE JARDIM,V21040835,CAM F ML ANTIVIRAL,BRANCO,G,3,V21,PREFERENCIAL
801511,SHOPS CIDADE JARDIM,V21040835,CAM F ML ANTIVIRAL,BRANCO,GG,2,V21,PREFERENCIAL
801511,SHOPS CIDADE JARDIM,V21040835,CAM F ML ANTIVIRAL,PRETO,P,2,V21,PREFERENCIAL
801511,SHOPS CIDADE JARDIM,V21040835,CAM F ML ANTIVIRAL,PRETO,M,3,V21,PREFERENCIAL
801511,SHOPS CIDADE JARDIM,V21040835,CAM F ML ANTIVIRAL,PRETO,G,3,V21,PREFERENCIAL
801511,SHOPS CIDADE JARDIM,V21040835,CAM F ML ANTIVIRAL,PRETO,GG,2,V21,PREFERENCIAL
801511,SHOPS CIDADE JARDIM,V21040836,CAM M MC ANTIVIRAL,BRANCO,P,2,V21,AUTORIDADE
801511,SHOPS CIDADE JARDIM,V21040836,CAM M MC ANTIVIRAL,BRANCO,M,2,V21,AUTORIDADE
801511,SHOPS CIDADE JARDIM,V21040836,CAM M MC ANTIVIRAL,BRANCO,G,3,V21,AUTORIDADE
801511,SHOPS CIDADE JARDIM,V21040836,CAM M MC ANTIVIRAL,BRANCO,GG,2,V21,AUTORIDADE
801511,SHOPS CIDADE JARDIM,V21040836,CAM M MC ANTIVIRAL,PRETO,P,2,V21,AUTORIDADE
801511,SHOPS CIDADE JARDIM,V21040836,CAM M MC ANTIVIRAL,PRETO,M,2,V21,AUTORIDADE
801511,SHOPS CIDADE JARDIM,V21040836,CAM M MC ANTIVIRAL,PRETO,G,3,V21,AUTORIDADE
801511,SHOPS CIDADE JARDIM,V21040836,CAM M MC ANTIVIRAL,PRETO,GG,2,V21,AUTORIDADE
801511,SHOPS CIDADE JARDIM,V21040837,CAM M ML ANTIVIRAL,BRANCO,P,2,V21,AUTORIDADE
801511,SHOPS CIDADE JARDIM,V21040837,CAM M ML ANTIVIRAL,BRANCO,M,3,V21,AUTORIDADE
801511,SHOPS CIDADE JARDIM,V21040837,CAM M ML ANTIVIRAL,BRANCO,G,3,V21,AUTORIDADE
801511,SHOPS CIDADE JARDIM,V21040837,CAM M ML ANTIVIRAL,BRANCO,GG,2,V21,AUTORIDADE
801511,SHOPS CIDADE JARDIM,V21040837,CAM M ML ANTIVIRAL,PRETO,P,2,V21,AUTORIDADE
801511,SHOPS CIDADE JARDIM,V21040837,CAM M ML ANTIVIRAL,PRETO,M,3,V21,AUTORIDADE
801511,SHOPS CIDADE JARDIM,V21040837,CAM M ML ANTIVIRAL,PRETO,G,3,V21,AUTORIDADE
801511,SHOPS CIDADE JARDIM,V21040837,CAM M ML ANTIVIRAL,PRETO,GG,2,V21,AUTORIDADE
801511,SHOPS CIDADE JARDIM,V21060094,JAQUETA F CROPPED,AREIA V21,PP,1,V21,AUTORIDADE
801511,SHOPS CIDADE JARDIM,V21060094,JAQUETA F CROPPED,AREIA V21,P,3,V21,AUTORIDADE
801511,SHOPS CIDADE JARDIM,V21060094,JAQUETA F CROPPED,AREIA V21,M,3,V21,AUTORIDADE
801511,SHOPS CIDADE JARDIM,V21060094,JAQUETA F CROPPED,AREIA V21,G,2,V21,AUTORIDADE
801511,SHOPS CIDADE JARDIM,V21060098,JAQUETA M REFLETIVO,PRETO,P,2,V21,PREFERENCIAL
801511,SHOPS CIDADE JARDIM,V21060098,JAQUETA M REFLETIVO,PRETO,M,2,V21,PREFERENCIAL
801511,SHOPS CIDADE JARDIM,V21060098,JAQUETA M REFLETIVO,PRETO,G,2,V21,PREFERENCIAL
801511,SHOPS CIDADE JARDIM,V21060098,JAQUETA M REFLETIVO,PRETO,GG,2,V21,PREFERENCIAL
801511,SHOPS CIDADE JARDIM,V21070494,LEG F RECORTES,AZUL NOTURNO,P,2,V21,AUTORIDADE
801511,SHOPS CIDADE JARDIM,V21070494,LEG F RECORTES,AZUL NOTURNO,M,2,V21,AUTORIDADE
801511,SHOPS CIDADE JARDIM,V21070494,LEG F RECORTES,AZUL NOTURNO,G,2,V21,AUTORIDADE
801511,SHOPS CIDADE JARDIM,V21070511,LEG F FLARE COS DUPLO,PRETO,P,2,V21,AUTORIDADE
801511,SHOPS CIDADE JARDIM,V21070511,LEG F FLARE COS DUPLO,PRETO,M,1,V21,AUTORIDADE
801511,SHOPS CIDADE JARDIM,V21070520,LEG F 34 RECORTES,PRETO,P,3,V21,AUTORIDADE
801511,SHOPS CIDADE JARDIM,V21070520,LEG F 34 RECORTES,PRETO,M,3,V21,AUTORIDADE
801511,SHOPS CIDADE JARDIM,V21070549,LEG F JACQUARD,PRETO,P,3,V21,AUTORIDADE
801511,SHOPS CIDADE JARDIM,V21070549,LEG F JACQUARD,PRETO,M,3,V21,AUTORIDADE
801511,SHOPS CIDADE JARDIM,V21070549,LEG F JACQUARD,AZUL NOTURNO,P,3,V21,AUTORIDADE
801511,SHOPS CIDADE JARDIM,V21070549,LEG F JACQUARD,AZUL NOTURNO,M,3,V21,AUTORIDADE
801511,SHOPS CIDADE JARDIM,V21070572,LEG F SKIN DEGRADE,MESCLA ESCURO,P,3,V21,AUTORIDADE
801511,SHOPS CIDADE JARDIM,V21070572,LEG F SKIN DEGRADE,MESCLA ESCURO,M,3,V21,AUTORIDADE
801511,SHOPS CIDADE JARDIM,V21070572,LEG F SKIN DEGRADE,MESCLA ESCURO,G,2,V21,AUTORIDADE
801511,SHOPS CIDADE JARDIM,V21070612,LEG F DUPLA FACE,DUPLA FACE,P,5,V21,PREFERENCIAL
801511,SHOPS CIDADE JARDIM,V21070612,LEG F DUPLA FACE,DUPLA FACE,M,6,V21,PREFERENCIAL
801511,SHOPS CIDADE JARDIM,V21070612,LEG F DUPLA FACE,DUPLA FACE,G,4,V21,PREFERENCIAL
801511,SHOPS CIDADE JARDIM,V21070619,LEG F LOGO,PRETO,P,5,V21,AUTORIDADE
801511,SHOPS CIDADE JARDIM,V21070619,LEG F LOGO,PRETO,M,6,V21,AUTORIDADE
801511,SHOPS CIDADE JARDIM,V21070619,LEG F LOGO,PRETO,G,5,V21,AUTORIDADE
801511,SHOPS CIDADE JARDIM,V21070622,LEG F ZIG,ZIG V21,P,2,V21,AUTORIDADE
801511,SHOPS CIDADE JARDIM,V21070622,LEG F ZIG,ZIG V21,M,3,V21,AUTORIDADE
801511,SHOPS CIDADE JARDIM,V21070622,LEG F ZIG,ZIG V21,G,3,V21,AUTORIDADE
801511,SHOPS CIDADE JARDIM,V21070625,LEG F CANOA,AZUL NOTURNO,P,6,V21,AUTORIDADE
801511,SHOPS CIDADE JARDIM,V21070625,LEG F CANOA,AZUL NOTURNO,M,6,V21,AUTORIDADE
801511,SHOPS CIDADE JARDIM,V21070625,LEG F CANOA,AZUL NOTURNO,G,3,V21,AUTORIDADE
801511,SHOPS CIDADE JARDIM,V21070627,LEG F CONFORT,PRETO,P,3,V21,AUTORIDADE
801511,SHOPS CIDADE JARDIM,V21070627,LEG F CONFORT,PRETO,M,3,V21,AUTORIDADE
801511,SHOPS CIDADE JARDIM,V21070627,LEG F CONFORT,PRETO,G,2,V21,AUTORIDADE
801511,SHOPS CIDADE JARDIM,V21080090,BERM SLIM M RUN,PRETO,P,2,V21,PREFERENCIAL
801511,SHOPS CIDADE JARDIM,V21080090,BERM SLIM M RUN,PRETO,M,2,V21,PREFERENCIAL
801511,SHOPS CIDADE JARDIM,V21080090,BERM SLIM M RUN,PRETO,G,2,V21,PREFERENCIAL
801511,SHOPS CIDADE JARDIM,V21080125,BERM F DUPLA FACE,DUPLA FACE,P,5,V21,PREFERENCIAL
801511,SHOPS CIDADE JARDIM,V21080125,BERM F DUPLA FACE,DUPLA FACE,M,6,V21,PREFERENCIAL
801511,SHOPS CIDADE JARDIM,V21080125,BERM F DUPLA FACE,DUPLA FACE,G,5,V21,PREFERENCIAL
801511,SHOPS CIDADE JARDIM,V21080134,BERM SLIM F BIKE,PRETO,P,3,V21,PREFERENCIAL
801511,SHOPS CIDADE JARDIM,V21080134,BERM SLIM F BIKE,PRETO,M,2,V21,PREFERENCIAL
801511,SHOPS CIDADE JARDIM,V21080134,BERM SLIM F BIKE,PRETO,G,2,V21,PREFERENCIAL
801511,SHOPS CIDADE JARDIM,V21080135,BERM SLIM M BIKE,PRETO,P,1,V21,PREFERENCIAL
801511,SHOPS CIDADE JARDIM,V21080135,BERM SLIM M BIKE,PRETO,M,3,V21,PREFERENCIAL
801511,SHOPS CIDADE JARDIM,V21080135,BERM SLIM M BIKE,PRETO,G,3,V21,PREFERENCIAL
801511,SHOPS CIDADE JARDIM,V21080135,BERM SLIM M BIKE,PRETO,GG,1,V21,PREFERENCIAL
801511,SHOPS CIDADE JARDIM,V21090258,TOP TEXTURA,ROMA V21,PP,2,V21,AUTORIDADE
801511,SHOPS CIDADE JARDIM,V21090258,TOP TEXTURA,ROMA V21,P,3,V21,AUTORIDADE
801511,SHOPS CIDADE JARDIM,V21090258,TOP TEXTURA,ROMA V21,M,3,V21,AUTORIDADE
801511,SHOPS CIDADE JARDIM,V21090258,TOP TEXTURA,ROMA V21,G,2,V21,AUTORIDADE
801511,SHOPS CIDADE JARDIM,V21090258,TOP TEXTURA,MANGUE V21,PP,2,V21,AUTORIDADE
801511,SHOPS CIDADE JARDIM,V21090258,TOP TEXTURA,MANGUE V21,P,3,V21,AUTORIDADE
801511,SHOPS CIDADE JARDIM,V21090258,TOP TEXTURA,MANGUE V21,M,3,V21,AUTORIDADE
801511,SHOPS CIDADE JARDIM,V21090330,TOP CRUZADO REGULAGEM,MESCLA ESCURO,P,2,V21,AUTORIDADE
801511,SHOPS CIDADE JARDIM,V21090330,TOP CRUZADO REGULAGEM,MESCLA ESCURO,M,2,V21,AUTORIDADE
801511,SHOPS CIDADE JARDIM,V21090330,TOP CRUZADO REGULAGEM,MESCLA ESCURO,G,2,V21,AUTORIDADE
801511,SHOPS CIDADE JARDIM,V21090331,TOP CRUZADO,PRETO,M,3,V21,AUTORIDADE
801511,SHOPS CIDADE JARDIM,V21090331,TOP CRUZADO,PRETO,G,2,V21,AUTORIDADE
801511,SHOPS CIDADE JARDIM,V21090336,TOP TORCAO,AREIA V21,P,2,V21,AUTORIDADE
801511,SHOPS CIDADE JARDIM,V21090336,TOP TORCAO,AREIA V21,M,3,V21,AUTORIDADE
801511,SHOPS CIDADE JARDIM,V21090366,TOP SKIN DEGRADE,MESCLA ESCURO,P,2,V21,AUTORIDADE
801511,SHOPS CIDADE JARDIM,V21090366,TOP SKIN DEGRADE,MESCLA ESCURO,M,2,V21,AUTORIDADE
801511,SHOPS CIDADE JARDIM,V21090366,TOP SKIN DEGRADE,MESCLA ESCURO,G,2,V21,AUTORIDADE
801511,SHOPS CIDADE JARDIM,V21090372,TOP ANATOMICO,PRETO,P,2,V21,AUTORIDADE
801511,SHOPS CIDADE JARDIM,V21090372,TOP ANATOMICO,PRETO,M,3,V21,AUTORIDADE
801511,SHOPS CIDADE JARDIM,V21090387,TOP DUPLA FACE,DUPLA FACE,P,5,V21,AUTORIDADE
801511,SHOPS CIDADE JARDIM,V21090387,TOP DUPLA FACE,DUPLA FACE,M,6,V21,AUTORIDADE
801511,SHOPS CIDADE JARDIM,V21090387,TOP DUPLA FACE,DUPLA FACE,G,5,V21,AUTORIDADE
801511,SHOPS CIDADE JARDIM,V21090391,TOP LOGO,PRETO,P,4,V21,AUTORIDADE
801511,SHOPS CIDADE JARDIM,V21090391,TOP LOGO,PRETO,M,6,V21,AUTORIDADE
801511,SHOPS CIDADE JARDIM,V21090391,TOP LOGO,PRETO,G,3,V21,AUTORIDADE
801511,SHOPS CIDADE JARDIM,V21090395,TOP CANOA,AZUL NOTURNO,P,3,V21,AUTORIDADE
801511,SHOPS CIDADE JARDIM,V21090395,TOP CANOA,AZUL NOTURNO,M,6,V21,AUTORIDADE
801511,SHOPS CIDADE JARDIM,V21090395,TOP CANOA,AZUL NOTURNO,G,3,V21,AUTORIDADE
801511,SHOPS CIDADE JARDIM,V21130189,SUNGA L BIC,NOITE,1,2,V21,AUTORIDADE
801511,SHOPS CIDADE JARDIM,V21130189,SUNGA L BIC,NOITE,2,2,V21,AUTORIDADE
801511,SHOPS CIDADE JARDIM,V21130189,SUNGA L BIC,NOITE,3,2,V21,AUTORIDADE
801511,SHOPS CIDADE JARDIM,V21130189,SUNGA L BIC,NOITE,4,2,V21,AUTORIDADE
801511,SHOPS CIDADE JARDIM,V21130194,SUNGA E LARGA FLORESTA,FLORESTA V21,0,2,V21,AUTORIDADE
801511,SHOPS CIDADE JARDIM,V21130194,SUNGA E LARGA FLORESTA,FLORESTA V21,1,2,V21,AUTORIDADE
801511,SHOPS CIDADE JARDIM,V21130194,SUNGA E LARGA FLORESTA,FLORESTA V21,2,2,V21,AUTORIDADE
801511,SHOPS CIDADE JARDIM,V21130194,SUNGA E LARGA FLORESTA,FLORESTA V21,3,2,V21,AUTORIDADE
801511,SHOPS CIDADE JARDIM,V21130194,SUNGA E LARGA FLORESTA,FLORESTA V21,4,2,V21,AUTORIDADE
801511,SHOPS CIDADE JARDIM,V21130196,SUNGA LARGA PEIXES,RIO V21,0,2,V21,AUTORIDADE
801511,SHOPS CIDADE JARDIM,V21130196,SUNGA LARGA PEIXES,RIO V21,1,2,V21,AUTORIDADE
801511,SHOPS CIDADE JARDIM,V21130196,SUNGA LARGA PEIXES,RIO V21,2,2,V21,AUTORIDADE
801511,SHOPS CIDADE JARDIM,V21130196,SUNGA LARGA PEIXES,RIO V21,3,2,V21,AUTORIDADE
801511,SHOPS CIDADE JARDIM,V21130196,SUNGA LARGA PEIXES,RIO V21,4,2,V21,AUTORIDADE
801511,SHOPS CIDADE JARDIM,V21130202,SUNGA E BASIC,PALMAS V21,2,3,V21,AUTORIDADE
801511,SHOPS CIDADE JARDIM,V21130202,SUNGA E BASIC,PALMAS V21,3,2,V21,AUTORIDADE
801511,SHOPS CIDADE JARDIM,V21130202,SUNGA E BASIC,PALMAS V21,4,2,V21,AUTORIDADE
801511,SHOPS CIDADE JARDIM,V21150162,CALCA M REFLETIVO,PRETO,P,2,V21,PREFERENCIAL
801511,SHOPS CIDADE JARDIM,V21150162,CALCA M REFLETIVO,PRETO,M,2,V21,PREFERENCIAL
801511,SHOPS CIDADE JARDIM,V21150162,CALCA M REFLETIVO,PRETO,G,2,V21,PREFERENCIAL
801511,SHOPS CIDADE JARDIM,V21150162,CALCA M REFLETIVO,PRETO,GG,2,V21,PREFERENCIAL
801511,SHOPS CIDADE JARDIM,V21170239,BLUSAO F FAIXAS,MESCLA ESCURO,P,2,V21,AUTORIDADE
801511,SHOPS CIDADE JARDIM,V21170239,BLUSAO F FAIXAS,MESCLA ESCURO,M,2,V21,AUTORIDADE
801511,SHOPS CIDADE JARDIM,V21170239,BLUSAO F FAIXAS,MESCLA ESCURO,G,2,V21,AUTORIDADE
801511,SHOPS CIDADE JARDIM,V21170243,BLUSAO M PWR COOL,PRETO,P,2,V21,PREFERENCIAL
801511,SHOPS CIDADE JARDIM,V21170243,BLUSAO M PWR COOL,PRETO,M,1,V21,PREFERENCIAL
801511,SHOPS CIDADE JARDIM,V21170243,BLUSAO M PWR COOL,PRETO,G,2,V21,PREFERENCIAL
801511,SHOPS CIDADE JARDIM,V21520148,SAIA PWR COOL,PRETO,M,3,V21,PREFERENCIAL
801511,SHOPS CIDADE JARDIM,V21520154,SAIA MESH,PRETO,M,3,V21,PREFERENCIAL
801511,SHOPS CIDADE JARDIM,V21530037,MAIO MESH,PRETO,2,3,V21,PREFERENCIAL
801511,SHOPS CIDADE JARDIM,V21530037,MAIO MESH,PRETO,3,2,V21,PREFERENCIAL
801511,SHOPS CIDADE JARDIM,V21530037,MAIO MESH,PRETO,4,2,V21,PREFERENCIAL
801511,SHOPS CIDADE JARDIM,V21550003,POLO M MC ST PIMA,PRETO,M,2,V21,PREFERENCIAL
801511,SHOPS CIDADE JARDIM,V21550003,POLO M MC ST PIMA,PRETO,G,2,V21,PREFERENCIAL
801511,SHOPS CIDADE JARDIM,V21550003,POLO M MC ST PIMA,PRETO,GG,2,V21,PREFERENCIAL
801511,SHOPS CIDADE JARDIM,V21550003,POLO M MC ST PIMA,AZUL NOTURNO,M,3,V21,PREFERENCIAL
801511,SHOPS CIDADE JARDIM,V21550003,POLO M MC ST PIMA,AZUL NOTURNO,G,2,V21,PREFERENCIAL
801511,SHOPS CIDADE JARDIM,V21550003,POLO M MC ST PIMA,AZUL NOTURNO,GG,2,V21,PREFERENCIAL
801511,SHOPS CIDADE JARDIM,V21550022,POLO M MC PREMIUM,PRETO,M,2,V21,PREFERENCIAL
801511,SHOPS CIDADE JARDIM,V21550022,POLO M MC PREMIUM,PRETO,G,2,V21,PREFERENCIAL
801511,SHOPS CIDADE JARDIM,V21550022,POLO M MC PREMIUM,PRETO,GG,2,V21,PREFERENCIAL
801511,SHOPS CIDADE JARDIM,V21550022,POLO M MC PREMIUM,AZUL NOTURNO,M,2,V21,PREFERENCIAL
801511,SHOPS CIDADE JARDIM,V21550022,POLO M MC PREMIUM,AZUL NOTURNO,G,2,V21,PREFERENCIAL
801511,SHOPS CIDADE JARDIM,V21550022,POLO M MC PREMIUM,AZUL NOTURNO,GG,2,V21,PREFERENCIAL
801511,SHOPS CIDADE JARDIM,V21600208,REG F BASICA,MESCLA MEDIO,P,3,V21,AUTORIDADE
801511,SHOPS CIDADE JARDIM,V21600208,REG F BASICA,MESCLA MEDIO,M,3,V21,AUTORIDADE
801511,SHOPS CIDADE JARDIM,V21600222,REG F EVASE,PRETO,P,1,V21,AUTORIDADE
801511,SHOPS CIDADE JARDIM,V21600222,REG F EVASE,PRETO,M,2,V21,AUTORIDADE
801511,SHOPS CIDADE JARDIM,V21600222,REG F EVASE,PRETO,G,1,V21,AUTORIDADE
801511,SHOPS CIDADE JARDIM,V21600222,REG F EVASE,MANGUE V21,PP,2,V21,AUTORIDADE
801511,SHOPS CIDADE JARDIM,V21600222,REG F EVASE,MANGUE V21,P,3,V21,AUTORIDADE
801511,SHOPS CIDADE JARDIM,V21600222,REG F EVASE,MANGUE V21,M,3,V21,AUTORIDADE
801511,SHOPS CIDADE JARDIM,V21600222,REG F EVASE,MANGUE V21,G,1,V21,AUTORIDADE
801511,SHOPS CIDADE JARDIM,V21600336,REG F SOUTIEN,PRETO,P,2,V21,AUTORIDADE
801511,SHOPS CIDADE JARDIM,V21600336,REG F SOUTIEN,PRETO,M,2,V21,AUTORIDADE
801511,SHOPS CIDADE JARDIM,V21600336,REG F SOUTIEN,PRETO,G,2,V21,AUTORIDADE
801511,SHOPS CIDADE JARDIM,V21600357,REG F MESH V,PRETO,P,3,V21,AUTORIDADE
801511,SHOPS CIDADE JARDIM,V21600357,REG F MESH V,PRETO,M,3,V21,AUTORIDADE
801511,SHOPS CIDADE JARDIM,V21600357,REG F MESH V,ROMA V21,P,3,V21,AUTORIDADE
801511,SHOPS CIDADE JARDIM,V21600357,REG F MESH V,ROMA V21,M,3,V21,AUTORIDADE
801511,SHOPS CIDADE JARDIM,V21600357,REG F MESH V,ROMA V21,G,2,V21,AUTORIDADE
801511,SHOPS CIDADE JARDIM,V21600367,REG F MESH,PRETO,P,3,V21,AUTORIDADE
801511,SHOPS CIDADE JARDIM,V21600367,REG F MESH,PRETO,M,3,V21,AUTORIDADE
801511,SHOPS CIDADE JARDIM,V21600367,REG F MESH,PRETO,G,2,V21,AUTORIDADE
801511,SHOPS CIDADE JARDIM,V21600394,REG F ZIG,ZIG V21,P,6,V21,AUTORIDADE
801511,SHOPS CIDADE JARDIM,V21600394,REG F ZIG,ZIG V21,M,6,V21,AUTORIDADE
801511,SHOPS CIDADE JARDIM,V21600394,REG F ZIG,ZIG V21,G,4,V21,AUTORIDADE
801511,SHOPS CIDADE JARDIM,V21600401,REG M TH PALMA,NOITE,M,4,V21,PREFERENCIAL
801511,SHOPS CIDADE JARDIM,V21600401,REG M TH PALMA,NOITE,G,3,V21,PREFERENCIAL
801511,SHOPS CIDADE JARDIM,V21600401,REG M TH PALMA,NOITE,GG,2,V21,PREFERENCIAL
801511,SHOPS CIDADE JARDIM,V21600406,REG F BASICA,HIBISCO V21,P,3,V21,AUTORIDADE
801511,SHOPS CIDADE JARDIM,V21600406,REG F BASICA,HIBISCO V21,M,3,V21,AUTORIDADE
801511,SHOPS CIDADE JARDIM,V21600406,REG F BASICA,HIBISCO V21,G,2,V21,AUTORIDADE
801511,SHOPS CIDADE JARDIM,V21800338,TOP OMBRO,ILHAS V21,1,1,V21,AUTORIDADE
801511,SHOPS CIDADE JARDIM,V21800338,TOP OMBRO,ILHAS V21,2,2,V21,AUTORIDADE
801511,SHOPS CIDADE JARDIM,V21800342,TOP MEIA TACA,COQUEIRO V21,0,3,V21,AUTORIDADE
801511,SHOPS CIDADE JARDIM,V21800342,TOP MEIA TACA,COQUEIRO V21,2,2,V21,AUTORIDADE
801511,SHOPS CIDADE JARDIM,V21800343,TOP DF FRU FRU,JEANS V21,0,2,V21,AUTORIDADE
801511,SHOPS CIDADE JARDIM,V21800343,TOP DF FRU FRU,JEANS V21,1,2,V21,AUTORIDADE
801511,SHOPS CIDADE JARDIM,V21800343,TOP DF FRU FRU,JEANS V21,2,2,V21,AUTORIDADE
801511,SHOPS CIDADE JARDIM,V21800343,TOP DF FRU FRU,JEANS V21,3,2,V21,AUTORIDADE
801511,SHOPS CIDADE JARDIM,V21800344,TOP NO DF,TIE DYE V21,2,3,V21,AUTORIDADE
801511,SHOPS CIDADE JARDIM,V21800353,TOP NO DF,ILHAS V21,0,3,V21,AUTORIDADE
801511,SHOPS CIDADE JARDIM,V21800353,TOP NO DF,ILHAS V21,2,2,V21,AUTORIDADE
801511,SHOPS CIDADE JARDIM,V21800353,TOP NO DF,ILHAS V21,3,2,V21,AUTORIDADE
801511,SHOPS CIDADE JARDIM,V21810334,TANGA FRU FRU DF LACO,ILHAS V21,0,3,V21,AUTORIDADE
801511,SHOPS CIDADE JARDIM,V21810334,TANGA FRU FRU DF LACO,ILHAS V21,2,2,V21,AUTORIDADE
801511,SHOPS CIDADE JARDIM,V21810340,TANGA FRU FRU LACO,COQUEIRO V21,0,3,V21,AUTORIDADE
801511,SHOPS CIDADE JARDIM,V21810340,TANGA FRU FRU LACO,COQUEIRO V21,2,2,V21,AUTORIDADE
801511,SHOPS CIDADE JARDIM,V21810341,TANGA FRU FRU DF BASIC,JEANS V21,0,2,V21,AUTORIDADE
801511,SHOPS CIDADE JARDIM,V21810341,TANGA FRU FRU DF BASIC,JEANS V21,1,2,V21,AUTORIDADE
801511,SHOPS CIDADE JARDIM,V21810341,TANGA FRU FRU DF BASIC,JEANS V21,2,2,V21,AUTORIDADE
801511,SHOPS CIDADE JARDIM,V21810341,TANGA FRU FRU DF BASIC,JEANS V21,3,2,V21,AUTORIDADE
801511,SHOPS CIDADE JARDIM,V21820130,MAIO CANOA FLORESTA,FLORESTA V21,0,1,V21,PREFERENCIAL
801511,SHOPS CIDADE JARDIM,V21820132,MAIO NO REMO,REMO V21,1,1,V21,PREFERENCIAL
801511,SHOPS CIDADE JARDIM,V21820132,MAIO NO REMO,REMO V21,2,2,V21,PREFERENCIAL
801511,SHOPS CIDADE JARDIM,V21820135,MAIO TIRAS FELINA,FELINA V21,0,2,V21,PREFERENCIAL
801511,SHOPS CIDADE JARDIM,V21820135,MAIO TIRAS FELINA,FELINA V21,1,2,V21,PREFERENCIAL
801511,SHOPS CIDADE JARDIM,V21820135,MAIO TIRAS FELINA,FELINA V21,2,2,V21,PREFERENCIAL
801511,SHOPS CIDADE JARDIM,V21820135,MAIO TIRAS FELINA,FELINA V21,3,2,V21,PREFERENCIAL
801511,SHOPS CIDADE JARDIM,V21860208,VESTIDO TRICOT,PRETO,2,3,V21,PREFERENCIAL
801511,SHOPS CIDADE JARDIM,V21960050,CAM M MC COOLC MESCLA,MESCLA ESCURO,PP,1,V21,AUTORIDADE
801511,SHOPS CIDADE JARDIM,V21960050,CAM M MC COOLC MESCLA,MESCLA ESCURO,M,2,V21,AUTORIDADE
801511,SHOPS CIDADE JARDIM,V21960050,CAM M MC COOLC MESCLA,MESCLA ESCURO,G,2,V21,AUTORIDADE
801511,SHOPS CIDADE JARDIM,V21960050,CAM M MC COOLC MESCLA,MESCLA ESCURO,GG,2,V21,AUTORIDADE
801511,SHOPS CIDADE JARDIM,V21960090,CAM M MC E BEACH,AREIA V21,PP,2,V21,AUTORIDADE
801511,SHOPS CIDADE JARDIM,V21960090,CAM M MC E BEACH,AREIA V21,M,2,V21,AUTORIDADE
801511,SHOPS CIDADE JARDIM,V21960090,CAM M MC E BEACH,AREIA V21,G,2,V21,AUTORIDADE
801511,SHOPS CIDADE JARDIM,V21960090,CAM M MC E BEACH,AREIA V21,GG,2,V21,AUTORIDADE
801511,SHOPS CIDADE JARDIM,V21960091,CAM M MC E BEACH,MARE V21,M,3,V21,AUTORIDADE
801511,SHOPS CIDADE JARDIM,V21960091,CAM M MC E BEACH,MARE V21,G,2,V21,AUTORIDADE
